Frame id,timestamp,hands,fingers,tools,gestures,handType,handID,handPalmPosition_X,handPalmPosition_Y,handPalmPosition_Z,pitch,roll,yaw,wristPosition_X,wristPosition_Y,wristPosition_Z,elbowPosition_X,elbowPosition_Y,elbowPosition_Z,ToolID,ToolTipPosition,ToolDirection,GestureID,GestureType,GestureCircleClockwiseness,GestureCircleSweptAngle,GestureCircleProgress,GestureCircleRadius,GestureStateNames,SwipePosition,SwipeDirection,SwipeSpeed,KeytapPosition,KeytapDirection,ScreentapPosition,ScreentapDirection,ThumbID,ThumbLength,ThumbWidth,IndexID,IndexLength,IndexWidth,MiddleID,MiddleLength,MiddleWidth,RingID,RingLength,RingWidth,PinkyID,PinkyLength,PinkyWidth,ThumbMetacarpalStart_X,ThumbMetacarpalStart_Y,ThumbMetacarpalStart_Z,ThumbMetacarpalEnd_X,ThumbMetacarpalEnd_Y,ThumbMetacarpalEnd_Z,ThumbMetacarpalDirection_X,ThumbMetacarpalDirection_Y,ThumbMetacarpalDirection_Z,ThumbProximalStart_X,ThumbProximalStart_Y,ThumbProximalStart_Z,ThumbProximalEnd_X,ThumbProximalEnd_Y,ThumbProximalEnd_Z,ThumbProximalDirection_X,ThumbProximalDirection_Y,ThumbProximalDirection_Z,ThumbIntermediateStart_X,ThumbIntermediateStart_Y,ThumbIntermediateStart_Z,ThumbIntermediateEnd_X,ThumbIntermediateEnd_Y,ThumbIntermediateEnd_Z,ThumbIntermediateDirection_X,ThumbIntermediateDirection_Y,ThumbIntermediateDirection_Z,ThumbDistalStart_X,ThumbDistalStart_Y,ThumbDistalStart_Z,ThumbDistalEnd_X,ThumbDistalEnd_Y,ThumbDistalEnd_Z,ThumbDistalDirection_X,ThumbDistalDirection_Y,ThumbDistalDirection_Z,IndexMetacarpalStart_X,IndexMetacarpalStart_Y,IndexMetacarpalStart_Z,IndexMetacarpalEnd_X,IndexMetacarpalEnd_Y,IndexMetacarpalEnd_Z,IndexMetacarpalDirection_X,IndexMetacarpalDirection_Y,IndexMetacarpalDirection_Z,IndexProximalStart_X,IndexProximalStart_Y,IndexProximalStart_Z,IndexProximalEnd_X,IndexProximalEnd_Y,IndexProximalEnd_Z,IndexProximalDirection_X,IndexProximalDirection_Y,IndexProximalDirection_Z,IndexIntermediateStart_X,IndexIntermediateStart_Y,IndexIntermediateStart_Z,IndexIntermediateEnd_X,IndexIntermediateEnd_Y,IndexIntermediateEnd_Z,IndexIntermediateDirection_X,IndexIntermediateDirection_Y,IndexIntermediateDirection_Z,IndexDistalStart_X,IndexDistalStart_Y,IndexDistalStart_Z,IndexDistalEnd_X,IndexDistalEnd_Y,IndexDistalEnd_Z,IndexDistalDirection_X,IndexDistalDirection_Y,IndexDistalDirection_Z,MiddleMetacarpalStart_X,MiddleMetacarpalStart_Y,MiddleMetacarpalStart_Z,MiddleMetacarpalEnd_X,MiddleMetacarpalEnd_Y,MiddleMetacarpalEnd_Z,MiddleMetacarpalDirection_X,MiddleMetacarpalDirection_Y,MiddleMetacarpalDirection_Z,MiddleProximalStart_X,MiddleProximalStart_Y,MiddleProximalStart_Z,MiddleProximalEnd_X,MiddleProximalEnd_Y,MiddleProximalEnd_Z,MiddleProximalDirection_X,MiddleProximalDirection_Y,MiddleProximalDirection_Z,MiddleIntermediateStart_X,MiddleIntermediateStart_Y,MiddleIntermediateStart_Z,MiddleIntermediateEnd_X,MiddleIntermediateEnd_Y,MiddleIntermediateEnd_Z,MiddleIntermediateDirection_X,MiddleIntermediateDirection_Y,MiddleIntermediateDirection_Z,MiddleDistalStart_X,MiddleDistalStart_Y,MiddleDistalStart_Z,MiddleDistalEnd_X,MiddleDistalEnd_Y,MiddleDistalEnd_Z,MiddleDistalDirection_X,MiddleDistalDirection_Y,MiddleDistalDirection_Z,RingMetacarpalStart_X,RingMetacarpalStart_Y,RingMetacarpalStart_Z,RingMetacarpalEnd_X,RingMetacarpalEnd_Y,RingMetacarpalEnd_Z,RingMetacarpalDirection_X,RingMetacarpalDirection_Y,RingMetacarpalDirection_Z,RingProximalStart_X,RingProximalStart_Y,RingProximalStart_Z,RingProximalEnd_X,RingProximalEnd_Y,RingProximalEnd_Z,RingProximalDirection_X,RingProximalDirection_Y,RingProximalDirection_Z,RingIntermediateStart_X,RingIntermediateStart_Y,RingIntermediateStart_Z,RingIntermediateEnd_X,RingIntermediateEnd_Y,RingIntermediateEnd_Z,RingIntermediateDirection_X,RingIntermediateDirection_Y,RingIntermediateDirection_Z,RingDistalStart_X,RingDistalStart_Y,RingDistalStart_Z,RingDistalEnd_X,RingDistalEnd_Y,RingDistalEnd_Z,RingDistalDirection_X,RingDistalDirection_Y,RingDistalDirection_Z,PinkyMetacarpalStart_X,PinkyMetacarpalStart_Y,PinkyMetacarpalStart_Z,PinkyMetacarpalEnd_X,PinkyMetacarpalEnd_Y,PinkyMetacarpalEnd_Z,PinkyMetacarpalDirection_X,PinkyMetacarpalDirection_Y,PinkyMetacarpalDirection_Z,PinkyProximalStart_X,PinkyProximalStart_Y,PinkyProximalStart_Z,PinkyProximalEnd_X,PinkyProximalEnd_Y,PinkyProximalEnd_Z,PinkyProximalDirection_X,PinkyProximalDirection_Y,PinkyProximalDirection_Z,PinkyIntermediateStart_X,PinkyIntermediateStart_Y,PinkyIntermediateStart_Z,PinkyIntermediateEnd_X,PinkyIntermediateEnd_Y,PinkyIntermediateEnd_Z,PinkyIntermediateDirection_X,PinkyIntermediateDirection_Y,PinkyIntermediateDirection_Z,PinkyDistalStart_X,PinkyDistalStart_Y,PinkyDistalStart_Z,PinkyDistalEnd_X,PinkyDistalEnd_Y,PinkyDistalEnd_Z,PinkyDistalDirection_X,PinkyDistalDirection_Y,PinkyDistalDirection_Z,GestureTypeCircle,GestureTypeSwipe
18020,260971000000.0,0,0,0,0,0,0,0.0,0.0,0.0,0.0,0.0,0.0,0.0,0.0,0.0,0.0,0.0,0.0,0,0,0,0,1,0,0,0,0,0,0,0,0,0,0,0,0,0,0.0,0.0,0,0.0,0.0,0,0.0,0.0,0,0.0,0.0,0,0.0,0.0,0.0,0.0,0.0,0.0,0.0,0.0,0,0,0,0.0,0.0,0.0,0.0,0.0,0.0,0.0,0.0,0.0,0.0,0.0,0.0,0.0,0.0,0.0,0.0,0.0,0.0,0.0,0.0,0.0,0.0,0.0,0.0,0.0,0.0,0.0,0.0,0.0,0.0,0.0,0.0,0.0,0.0,0.0,0.0,0.0,0.0,0.0,0.0,0.0,0.0,0.0,0.0,0.0,0.0,0.0,0.0,0.0,0.0,0.0,0.0,0.0,0.0,0.0,0.0,0.0,0.0,0.0,0.0,0.0,0.0,0.0,0.0,0.0,0.0,0.0,0.0,0.0,0.0,0.0,0.0,0.0,0.0,0.0,0.0,0.0,0.0,0.0,0.0,0.0,0.0,0.0,0.0,0.0,0.0,0.0,0.0,0.0,0.0,0.0,0.0,0.0,0.0,0.0,0.0,0.0,0.0,0.0,0.0,0.0,0.0,0.0,0.0,0.0,0.0,0.0,0.0,0.0,0.0,0.0,0.0,0.0,0.0,0.0,0.0,0.0,0.0,0.0,0.0,0.0,0.0,0.0,0.0,0.0,0.0,0.0,0.0,0.0,0.0,0.0,0.0,0.0,0.0,0.0,0.0,0.0,0.0,0.0,0.0,0.0,0.0,0.0,0.0,0.0,0.0,0.0,0.0,0.0,0.0,0.0,0.0,0.0,0.0,0.0,0.0,0.0,0.0,0.0,0.0,0.0,0.0,0.0,0.0,0.0,0.0,0.0,0.0,0.0,0.0,0.0,1,0
18021,260971000000.0,0,0,0,0,0,0,0.0,0.0,0.0,0.0,0.0,0.0,0.0,0.0,0.0,0.0,0.0,0.0,0,0,0,0,1,0,0,0,0,0,0,0,0,0,0,0,0,0,0.0,0.0,0,0.0,0.0,0,0.0,0.0,0,0.0,0.0,0,0.0,0.0,0.0,0.0,0.0,0.0,0.0,0.0,0,0,0,0.0,0.0,0.0,0.0,0.0,0.0,0.0,0.0,0.0,0.0,0.0,0.0,0.0,0.0,0.0,0.0,0.0,0.0,0.0,0.0,0.0,0.0,0.0,0.0,0.0,0.0,0.0,0.0,0.0,0.0,0.0,0.0,0.0,0.0,0.0,0.0,0.0,0.0,0.0,0.0,0.0,0.0,0.0,0.0,0.0,0.0,0.0,0.0,0.0,0.0,0.0,0.0,0.0,0.0,0.0,0.0,0.0,0.0,0.0,0.0,0.0,0.0,0.0,0.0,0.0,0.0,0.0,0.0,0.0,0.0,0.0,0.0,0.0,0.0,0.0,0.0,0.0,0.0,0.0,0.0,0.0,0.0,0.0,0.0,0.0,0.0,0.0,0.0,0.0,0.0,0.0,0.0,0.0,0.0,0.0,0.0,0.0,0.0,0.0,0.0,0.0,0.0,0.0,0.0,0.0,0.0,0.0,0.0,0.0,0.0,0.0,0.0,0.0,0.0,0.0,0.0,0.0,0.0,0.0,0.0,0.0,0.0,0.0,0.0,0.0,0.0,0.0,0.0,0.0,0.0,0.0,0.0,0.0,0.0,0.0,0.0,0.0,0.0,0.0,0.0,0.0,0.0,0.0,0.0,0.0,0.0,0.0,0.0,0.0,0.0,0.0,0.0,0.0,0.0,0.0,0.0,0.0,0.0,0.0,0.0,0.0,0.0,0.0,0.0,0.0,0.0,0.0,0.0,0.0,0.0,0.0,1,0
18022,260971000000.0,0,0,0,0,0,0,0.0,0.0,0.0,0.0,0.0,0.0,0.0,0.0,0.0,0.0,0.0,0.0,0,0,0,0,1,0,0,0,0,0,0,0,0,0,0,0,0,0,0.0,0.0,0,0.0,0.0,0,0.0,0.0,0,0.0,0.0,0,0.0,0.0,0.0,0.0,0.0,0.0,0.0,0.0,0,0,0,0.0,0.0,0.0,0.0,0.0,0.0,0.0,0.0,0.0,0.0,0.0,0.0,0.0,0.0,0.0,0.0,0.0,0.0,0.0,0.0,0.0,0.0,0.0,0.0,0.0,0.0,0.0,0.0,0.0,0.0,0.0,0.0,0.0,0.0,0.0,0.0,0.0,0.0,0.0,0.0,0.0,0.0,0.0,0.0,0.0,0.0,0.0,0.0,0.0,0.0,0.0,0.0,0.0,0.0,0.0,0.0,0.0,0.0,0.0,0.0,0.0,0.0,0.0,0.0,0.0,0.0,0.0,0.0,0.0,0.0,0.0,0.0,0.0,0.0,0.0,0.0,0.0,0.0,0.0,0.0,0.0,0.0,0.0,0.0,0.0,0.0,0.0,0.0,0.0,0.0,0.0,0.0,0.0,0.0,0.0,0.0,0.0,0.0,0.0,0.0,0.0,0.0,0.0,0.0,0.0,0.0,0.0,0.0,0.0,0.0,0.0,0.0,0.0,0.0,0.0,0.0,0.0,0.0,0.0,0.0,0.0,0.0,0.0,0.0,0.0,0.0,0.0,0.0,0.0,0.0,0.0,0.0,0.0,0.0,0.0,0.0,0.0,0.0,0.0,0.0,0.0,0.0,0.0,0.0,0.0,0.0,0.0,0.0,0.0,0.0,0.0,0.0,0.0,0.0,0.0,0.0,0.0,0.0,0.0,0.0,0.0,0.0,0.0,0.0,0.0,0.0,0.0,0.0,0.0,0.0,0.0,1,0
18023,260971000000.0,1,5,0,0,Right hand,15,107.6899796,163.3483887,34.01612854,18.63955743,-12.34266765,-27.38552768,144.4793854,145.4876099,90.49264526,234.7643585,46.14212799,298.9382629,0,0,0,0,1,0,0,0,0,0,0,0,0,0,0,0,0,150,47.52927399,18.59493065,151,53.34537888,17.76187706,152,61.61021423,17.44452477,153,59.18529892,16.59957123,154,46.28019714,14.74503613,112.4645615,144.0854034,86.25022125,112.4645615,144.0854034,86.25022125,0,0,0,112.4645615,144.0854034,86.25022125,82.01596832,142.4485016,52.2101059,0.666265428,0.035818111,0.744853854,82.01596832,142.4485016,52.2101059,71.85461426,136.6929626,23.37746429,0.326648802,0.185018644,0.926859558,71.85461426,136.6929626,23.37746429,72.85991669,131.7525177,7.749177933,-0.061219092,0.300854295,0.951703191,119.5406113,164.0962372,79.35875702,78.63383484,174.3650208,26.58485413,0.605518401,-0.152002633,0.781180382,78.63383484,174.3650208,26.58485413,57.98271942,179.2076721,-6.309357166,0.527620137,-0.123726025,0.840421855,57.98271942,179.2076721,-6.309357166,46.44203186,176.9273529,-24.77684021,0.527068019,0.104143135,0.843417704,46.44203186,176.9273529,-24.77684021,40.46829224,173.350174,-34.40161133,0.502869248,0.301126838,0.81021297,127.7736282,165.2574463,71.42860413,96.23297119,174.515686,16.43869591,0.49231711,-0.144511566,0.858335674,96.23297119,174.515686,16.43869591,74.95065308,141.427948,-4.104934692,0.479524136,0.745518863,0.462880343,74.95065308,141.427948,-4.104934692,80.32595825,121.326622,11.69205475,-0.205755338,0.769436359,-0.604675412,80.32595825,121.326622,11.69205475,87.14677429,119.4145355,22.94199944,-0.513059676,0.143826559,-0.846217334,136.256485,162.4828949,64.64186859,115.69133,169.955246,11.44576836,0.357528508,-0.129908025,0.924822688,115.69133,169.955246,11.44576836,95.97377014,140.3287506,-9.124502182,0.479683876,0.720745981,0.500428438,95.97377014,140.3287506,-9.124502182,96.67115784,120.9097595,7.285335541,-0.027419971,0.763518214,-0.645203948,96.67115784,120.9097595,7.285335541,101.4200516,118.6994553,19.40053368,-0.359789997,0.167459071,-0.917882621,145.0893707,154.107193,59.99557495,133.4448853,162.2416687,8.679217339,0.218692377,-0.152771696,0.963760614,133.4448853,162.2416687,8.679217339,115.5208588,141.8557129,-9.11948204,0.552188158,0.628033161,0.548327148,115.5208588,141.8557129,-9.11948204,112.4606857,128.8684998,2.826865435,0.17086941,0.725160778,-0.667042494,112.4606857,128.8684998,2.826865435,115.2330933,126.4305267,14.39269352,-0.228355125,0.200808734,-0.952643573,1,0
18024,260971000000.0,1,5,0,0,Right hand,15,83.30670166,159.1207581,46.8884201,4.804487453,-0.217481897,-25.92046063,124.1033249,157.2828522,103.5625381,326.8336487,120.908699,241.576355,0,0,0,0,1,0,0,0,0,0,0,0,0,0,0,0,0,150,46.86991119,18.66004944,151,49.43967056,17.82407951,152,60.67519379,17.50561523,153,58.35763168,16.65770149,154,45.89276505,14.79667282,88.40053558,148.8002625,101.8979721,88.40053558,148.8002625,101.8979721,0,0,0,88.40053558,148.8002625,101.8979721,58.98708344,135.5714417,70.0014801,0.648443222,0.291639984,0.70318383,58.98708344,135.5714417,70.0014801,49.34854126,122.081459,44.15130997,0.31385541,0.439268082,0.841747165,49.34854126,122.081459,44.15130997,51.01024246,113.628624,30.47919846,-0.102829479,0.52307874,0.846058249,92.07020569,167.631134,93.05072021,53.22933578,162.2456207,38.0390892,0.574938059,0.079718515,0.814304113,53.22933578,162.2456207,38.0390892,36.4401474,168.9154205,5.885160923,0.455220968,-0.180844516,0.871819496,36.4401474,168.9154205,5.885160923,26.36700058,168.1560516,-11.5277729,0.500381052,0.037721463,0.864983141,26.36700058,168.1560516,-11.5277729,20.86929893,165.957489,-20.64124298,0.505860746,0.20229663,0.838558912,100.4560623,170.549942,84.09163666,71.11430359,165.7910614,27.33925819,0.45799458,0.074281216,0.885846078,71.11430359,165.7910614,27.33925819,58.69244003,127.3631668,11.04430294,0.285237581,0.882402241,0.374173641,58.69244003,127.3631668,11.04430294,65.9370575,112.9626846,31.22486687,-0.280488849,0.55754143,-0.781328082,65.9370575,112.9626846,31.22486687,71.50765991,115.8476868,42.69325638,-0.426145673,-0.220699862,-0.877320647,109.7013092,168.1148376,78.14441681,91.34217834,164.0920868,23.78131485,0.319176435,0.069936171,0.945111275,91.34217834,164.0920868,23.78131485,78.76557159,128.7539825,8.927768707,0.311739802,0.875935316,0.368178934,78.76557159,128.7539825,8.927768707,81.85163879,115.6262894,30.17691231,-0.122622758,0.521619856,-0.844320118,81.85163879,115.6262894,30.17691231,85.99578857,118.4597931,42.18886566,-0.318319857,-0.217646688,-0.92266047,120.6429443,161.7821045,74.82713318,110.7691956,160.4642639,22.52125168,0.185436562,0.024750056,0.982344508,110.7691956,160.4642639,22.52125168,97.31032562,134.0330353,9.929341316,0.417681903,0.820265412,0.390776724,97.31032562,134.0330353,9.929341316,95.19176483,124.4130478,24.70211601,0.119316749,0.541795015,-0.831998527,95.19176483,124.4130478,24.70211601,97.40814209,125.6011963,36.4618454,-0.184304804,-0.098801531,-0.977890611,1,0
18025,260971000000.0,1,5,0,0,Right hand,15,64.12236786,135.5168915,42.74270248,-1.613488456,1.758614183,-25.83036531,105.3382874,140.58815,98.83695221,318.7176514,127.0607376,224.3627777,0,0,0,0,1,0,0,0,0,0,0,0,0,0,0,0,0,150,46.94732666,18.66004944,151,47.66741562,17.82407951,152,60.59397125,17.50561523,153,58.34708405,16.65770149,154,45.91621399,14.79667282,68.9785614,130.6123199,98.30252075,68.9785614,130.6123199,98.30252075,0,0,0,68.9785614,130.6123199,98.30252075,43.72144699,113.1134109,64.87869263,0.556307077,0.3854267,0.736185074,43.72144699,113.1134109,64.87869263,39.41436768,96.63738251,39.26118088,0.140015438,0.535606205,0.832779408,39.41436768,96.63738251,39.26118088,44.32896805,87.31511688,26.97605133,-0.303635269,0.575950921,0.75900346,72.33981323,149.1747131,88.57212067,33.86894608,137.2449036,34.33588409,0.569461048,0.176589787,0.802826345,33.86894608,137.2449036,34.33588409,18.59273338,133.4707642,2.145865679,0.426350057,0.105333991,0.8984043,18.59273338,133.4707642,2.145865679,9.548796654,124.3261185,-12.31385231,0.467338085,0.472542137,0.747194171,9.548796654,124.3261185,-12.31385231,5.018602371,117.8624115,-19.08613205,0.435583621,0.62149322,0.651162863,80.84188843,150.5252533,78.65647125,51.84809875,139.380661,22.62454987,0.452563137,0.17395559,0.87460047,51.84809875,139.380661,22.62454987,42.67315674,97.78996277,14.25262547,0.211376429,0.958185196,0.192876145,42.67315674,97.78996277,14.25262547,52.31755066,92.41485596,37.61966324,-0.373173833,0.207980841,-0.904148817,52.31755066,92.41485596,37.61966324,57.43079376,100.0202713,46.90586853,-0.391912937,-0.582929611,-0.711756527,90.20043182,148.1143951,72.91931152,72.15042877,138.3079681,19.19205284,0.313802212,0.170486301,0.934056997,72.15042877,138.3079681,19.19205284,61.28949738,99.98652649,13.23730373,0.269679636,0.951530933,0.147857904,61.28949738,99.98652649,13.23730373,67.58964539,96.20581055,37.3432579,-0.249997482,0.150023371,-0.95655334,67.58964539,96.20581055,37.3432579,72.21923065,103.3395004,47.18828964,-0.355861753,-0.548344433,-0.756756783,101.5772324,142.3622284,70.13114166,91.90862274,135.7349854,18.19146729,0.181583911,0.124464713,0.975466967,91.90862274,135.7349854,18.19146729,78.51839447,106.9083633,12.66570091,0.415052474,0.893529236,0.171280354,78.51839447,106.9083633,12.66570091,78.67529297,102.7465134,29.9335022,-0.008832905,0.234299421,-0.972124398,78.67529297,102.7465134,29.9335022,82.15268707,107.9245377,40.21144485,-0.289240688,-0.430694729,-0.85489279,1,0
18026,260971000000.0,1,5,0,0,Right hand,15,54.59908295,195.4767303,109.5289841,13.96407518,-13.51290276,-45.31848667,110.7384262,183.384201,149.1085663,319.1355896,73.30422974,226.0728302,0,0,0,0,1,0,0,0,0,0,0,0,0,0,0,0,0,150,46.42459869,18.66004944,151,51.34725952,17.82407951,152,60.79858017,17.50561523,153,58.55909348,16.65770149,154,46.02405167,14.79667282,77.62921143,183.8067932,159.0419769,77.62921143,183.8067932,159.0419769,0,0,0,77.62921143,183.8067932,159.0419769,34.89003372,182.4423676,144.480545,0.946137428,0.030204939,0.322353333,34.89003372,182.4423676,144.480545,13.39905643,174.6480255,124.3812714,0.706010699,0.256055772,0.660291135,13.39905643,174.6480255,124.3812714,10.27216244,167.4064178,110.478447,0.195619375,0.453037024,0.869764626,80.30286407,202.4755096,148.57164,24.26713562,205.8476563,110.9881058,0.829463243,-0.049915861,0.556326449,24.26713562,205.8476563,110.9881058,-2.059959412,205.9498444,83.65332031,0.693703532,-0.002692597,0.720255554,-2.059959412,205.9498444,83.65332031,-17.36936378,203.3345642,69.52243042,0.729102254,0.124551326,0.672976136,-17.36936378,203.3345642,69.52243042,-25.72847748,201.2148743,62.10638809,0.734938323,0.186364427,0.652022958,85.66923523,202.3675995,137.6141205,37.81767654,204.3336639,95.06085205,0.746913433,-0.030688237,0.664212644,37.81767654,204.3336639,95.06085205,18.35122299,165.5693665,93.41043854,0.448443294,0.893002331,0.038020119,18.35122299,165.5693665,93.41043854,35.64067841,158.9936523,111.6119156,-0.666232347,0.253388733,-0.7013762,35.64067841,158.9936523,111.6119156,45.65376663,163.8075256,118.6335602,-0.761856377,-0.366268605,-0.534249187,91.56362915,198.1538086,129.0522461,54.73556519,198.4785919,84.86882019,0.640261829,-0.00564641,0.768135965,54.73556519,198.4785919,84.86882019,35.77148819,162.8339386,84.37081909,0.469657451,0.882762551,0.012333314,35.77148819,162.8339386,84.37081909,49.90122986,157.5727234,104.6677017,-0.558835626,0.208082676,-0.802747965,49.90122986,157.5727234,104.6677017,59.03123093,163.4307861,111.9860687,-0.697714925,-0.447673291,-0.559269786,99.14352417,189.7949677,122.72229,71.33844757,190.9371643,77.3272934,0.522200644,-0.021451328,0.852552831,71.33844757,190.9371643,77.3272934,51.96517563,165.108963,76.5219574,0.599855483,0.799719751,0.024935655,51.96517563,165.108963,76.5219574,59.0507164,160.6379242,92.2412262,-0.397781372,0.251003563,-0.88247776,59.0507164,160.6379242,92.2412262,67.24353027,164.8488312,100.0299911,-0.679162264,-0.349072874,-0.645667672,1,0
18028,260971000000.0,1,5,0,0,Right hand,15,91.2416687,140.5977936,32.06240082,7.967519066,-11.79320283,-19.19228879,126.9173965,132.2010956,91.24900055,332.4910889,57.41278458,207.9393616,0,0,0,0,1,0,0,0,0,0,0,0,0,0,0,0,0,150,46.65288162,18.66004944,151,49.73868179,17.82407951,152,60.81953812,17.50561523,153,58.52985001,16.65770149,154,46.0659523,14.79667282,89.72666168,131.5950317,86.93483734,89.72666168,131.5950317,86.93483734,0,0,0,89.72666168,131.5950317,86.93483734,63.47503281,123.5795975,50.9352951,0.579891741,0.177058876,0.795220613,63.47503281,123.5795975,50.9352951,57.51896667,110.9237213,23.74228477,0.194773182,0.41386801,0.889256299,57.51896667,110.9237213,23.74228477,62.2179184,101.6886292,11.45462418,-0.292343646,0.574558079,0.764472544,97.40701294,149.58255,78.5663147,63.54367447,150.3261719,20.11447144,0.501258671,-0.011007387,0.86522752,63.54367447,150.3261719,20.11447144,49.109272,148.1187744,-13.94271755,0.389533699,0.059569888,0.919083655,49.109272,148.1187744,-13.94271755,40.48155594,142.7734833,-31.49078941,0.425602615,0.263681591,0.865641117,40.48155594,142.7734833,-31.49078941,35.81744385,138.8385773,-40.56971741,0.426369965,0.359709561,0.829950511,106.6864548,148.9881439,70.59262085,82.36328888,148.3247681,11.32744217,0.379659534,0.010354613,0.925068319,82.36328888,148.3247681,11.32744217,66.7348175,108.0087738,6.150743008,0.358879358,0.925783336,0.118873462,66.7348175,108.0087738,6.150743008,73.37329865,102.6773148,30.62749481,-0.2561602,0.205725923,-0.944488585,73.37329865,102.6773148,30.62749481,78.99889374,108.8612823,40.75238419,-0.428446978,-0.470972806,-0.771114588,115.8392563,144.8196564,65.6282959,102.1423492,142.7002563,9.802765846,0.238122925,0.036846109,0.970535815,102.1423492,142.7002563,9.802765846,84.56668854,106.5457001,5.789697647,0.43504104,0.894914627,0.099333353,84.56668854,106.5457001,5.789697647,88.0766449,102.3332596,30.44288063,-0.138977513,0.166792527,-0.976148307,88.0766449,102.3332596,30.44288063,93.1210556,108.2138519,40.97422791,-0.385827124,-0.449783385,-0.805501342,125.6418915,136.570282,63.57359314,120.5809631,135.4224701,10.58112049,0.095048115,0.021556787,0.995239258,120.5809631,135.4224701,10.58112049,102.0193787,109.5028992,5.394366264,0.574670553,0.802475333,0.160583004,102.0193787,109.5028992,5.394366264,100.2561264,106.5929642,22.89832497,0.098883651,0.163189918,-0.981626689,100.2561264,106.5929642,22.89832497,103.6322403,111.0588913,33.60790634,-0.27937302,-0.369554937,-0.886216581,1,0
18029,260971000000.0,1,5,0,0,Right hand,15,81.54917145,216.578476,87.68026733,24.12473045,-30.37110586,-31.17595145,124.6369705,188.8667297,134.8191986,291.9880371,20.59325981,206.5696411,0,0,0,0,1,0,0,0,0,0,0,0,0,0,0,0,0,150,46.49546051,18.66004944,151,49.55880737,17.82407951,152,60.7929039,17.50561523,153,58.52111053,16.65770149,154,45.95307922,14.79667282,90.27442169,199.7511597,139.8860016,90.27442169,199.7511597,139.8860016,0,0,0,90.27442169,199.7511597,139.8860016,53.56234741,204.2336578,113.8987732,0.812181234,-0.099166304,0.574915469,53.56234741,204.2336578,113.8987732,36.53332138,198.8871155,89.18756104,0.55863893,0.175393865,0.810653806,36.53332138,198.8871155,89.18756104,35.8765564,191.055191,75.23670197,0.041016035,0.489116341,0.871253669,101.0901413,216.2637787,131.3480377,56.17353821,235.2919769,84.61129761,0.664873481,-0.281662971,0.691815853,56.17353821,235.2919769,84.61129761,35.03073502,242.7477417,55.28537369,0.572764039,-0.201978609,0.794446945,35.03073502,242.7477417,55.28537369,22.26690483,245.9191589,39.97090149,0.63228637,-0.157103613,0.758638442,22.26690483,245.9191589,39.97090149,14.73274612,246.6636658,32.10808563,0.690244377,-0.068208233,0.720354378,107.6955719,214.4286041,120.9843826,70.93938446,229.6027069,70.75344086,0.573726177,-0.236852095,0.784053147,70.93938446,229.6027069,70.75344086,41.34848785,198.2083435,64.78214264,0.67941916,0.72082752,0.137103468,41.34848785,198.2083435,64.78214264,50.60833359,184.7957306,84.9078064,-0.357556283,0.517909706,-0.777125001,50.60833359,184.7957306,84.9078064,60.01771545,185.6047974,94.01325226,-0.717249751,-0.061672799,-0.694081604,113.6062317,208.651123,113.4295425,87.01107788,218.9732513,63.48218536,0.462361008,-0.179451853,0.868342817,87.01107788,218.9732513,63.48218536,58.98278046,190.0023956,59.27511597,0.691562414,0.714818835,0.103804067,58.98278046,190.0023956,59.27511597,65.00441742,179.5441132,81.41452026,-0.238813043,0.414766669,-0.878030121,65.00441742,179.5441132,81.41452026,73.80618286,182.4812012,90.57915497,-0.674889684,-0.225206003,-0.702713311,119.2365036,198.2013397,108.3205948,101.5710297,206.6186218,58.80077362,0.331771165,-0.158083022,0.930020273,101.5710297,206.6186218,58.80077362,76.30550385,186.9318848,54.59896469,0.782109618,0.609414816,0.130069524,76.30550385,186.9318848,54.59896469,76.80786133,180.3286743,71.0907135,-0.028267309,0.3715581,-0.92797935,76.80786133,180.3286743,71.0907135,83.99391174,182.42099,80.50801086,-0.597381949,-0.173935831,-0.782867253,1,0
18031,260971000000.0,1,5,0,0,Right hand,15,34.96588135,118.9865875,86.75920868,-9.483359188,-10.76080095,-40.60037977,85.70339966,126.6555634,133.9533691,243.7059326,96.76122284,322.6647949,0,0,0,0,1,0,0,0,0,0,0,0,0,0,0,0,0,150,47.05704117,18.66004944,151,49.38940048,17.82407951,152,60.7093277,17.50561523,153,58.59139252,16.65770149,154,46.02623367,14.79667282,52.67493439,125.9154739,139.3811035,52.67493439,125.9154739,139.3811035,0,0,0,52.67493439,125.9154739,139.3811035,14.48055363,113.4253159,118.1464386,0.840355694,0.27480942,0.467206717,14.48055363,113.4253159,118.1464386,-0.234891772,96.57649231,96.93279266,0.477320075,0.546519756,0.6881001,-0.234891772,96.57649231,96.93279266,-1.393150091,85.71138,84.93498993,0.071375221,0.669539571,0.739339232,56.50679016,140.9430542,123.9053955,3.875217438,127.0245438,83.90428162,0.779073536,0.206027344,0.592112482,3.875217438,127.0245438,83.90428162,-15.79088974,116.549614,54.5390892,0.533508718,0.284167409,0.796628773,-15.79088974,116.549614,54.5390892,-27.33755302,110.4465027,39.25908661,0.574431121,0.30362165,0.760159731,-27.33755302,110.4465027,39.25908661,-33.43715668,106.7414856,31.07667923,0.56178993,0.341242075,0.753621817,63.22935867,137.231781,112.6395187,19.25124931,121.0115738,68.96746063,0.686452925,0.253180712,0.681675792,19.25124931,121.0115738,68.96746063,3.347635269,81.35453796,75.7977066,0.367547125,0.916510522,-0.157853261,3.347635269,81.35453796,75.7977066,17.26732254,85.04327393,97.39846039,-0.536183417,-0.142089322,-0.832056463,17.26732254,85.04327393,97.39846039,24.99588203,93.681633,103.5320663,-0.589343369,-0.658720374,-0.467719764,70.06876373,130.8249359,106.4066696,37.28891754,113.4248581,62.46004105,0.56988287,0.302503139,0.764019191,37.28891754,113.4248581,62.46004105,20.66474342,77.89848328,71.54779816,0.4128941,0.882367432,-0.225712344,20.66474342,77.89848328,71.54779816,32.17586899,82.69689941,93.60792542,-0.454244226,-0.189351842,-0.870521784,32.17586899,82.69689941,93.60792542,39.63780594,90.89343262,100.6250687,-0.568795443,-0.624790967,-0.534890532,78.75576019,121.6334686,103.6235886,55.01052856,105.3387299,58.837677,0.445953697,0.30602771,0.841113806,55.01052856,105.3387299,58.837677,36.8378067,79.35847473,64.89458466,0.562996089,0.804875672,-0.18764472,36.8378067,79.35847473,64.89458466,42.23713684,81.92319489,81.68265533,-0.302984387,-0.143919736,-0.942065597,42.23713684,81.92319489,81.68265533,49.00493622,89.01937866,88.7140274,-0.560877562,-0.588092268,-0.582720995,1,0
18033,260971000000.0,1,5,0,0,Right hand,15,101.8831482,217.0720215,69.34783936,22.90032853,-29.68365414,-21.41799304,136.1554718,188.3599243,122.5852966,284.1305237,10.37208652,211.4345398,0,0,0,0,1,0,0,0,0,0,0,0,0,0,0,0,0,150,46.60811615,18.66004944,151,49.62994385,17.82407951,152,60.74442291,17.50561523,153,58.54845047,16.65770149,154,45.97676849,14.79667282,101.6838913,200.030777,121.6636276,101.6838913,200.030777,121.6636276,0,0,0,101.6838913,200.030777,121.6636276,70.00702667,202.8715515,89.4770813,0.700057447,-0.062781006,0.711321414,70.00702667,202.8715515,89.4770813,57.96712494,196.0401611,62.24155045,0.394083947,0.223601595,0.891459584,57.96712494,196.0401611,62.24155045,59.96514511,187.6487122,48.69892502,-0.124436826,0.522620022,0.843435585,113.7751389,216.330368,115.7367859,77.48445129,235.9476624,62.23871231,0.537189245,-0.290383011,0.79189986,77.48445129,235.9476624,62.23871231,61.54383087,243.6278534,29.81404686,0.431545675,-0.207918718,0.877803028,61.54383087,243.6278534,29.81404686,50.38307953,244.8466949,12.99291611,0.551864743,-0.060267955,0.831753016,50.38307953,244.8466949,12.99291611,43.83776855,244.4920044,4.237833023,0.598454773,0.032430276,0.800499976,122.0328522,214.5278625,106.6327438,94.35335541,230.2585144,51.03768539,0.43204838,-0.245539248,0.86778152,94.35335541,230.2585144,51.03768539,66.48273468,198.7046051,40.15573883,0.64094317,0.725648105,0.250253111,66.48273468,198.7046051,40.15573883,72.18917084,186.063736,62.02138138,-0.220383003,0.488191336,-0.844452798,72.18917084,186.063736,62.02138138,79.75673676,187.1442261,72.67115021,-0.577268064,-0.082421802,-0.812384248,129.0920715,208.7566681,100.1283569,111.3534698,219.5660248,46.48987579,0.308388442,-0.187922403,0.932513595,111.3534698,219.5660248,46.48987579,84.94461823,190.0873718,37.68229294,0.651327908,0.727039158,0.21722354,84.94461823,190.0873718,37.68229294,86.89022064,180.6895294,61.01164246,-0.077126123,0.372542292,-0.924804747,86.89022064,180.6895294,61.01164246,93.53677368,183.725647,71.82297516,-0.509348631,-0.232668325,-0.828510344,135.3778381,198.2648926,95.97906494,126.358429,207.1072845,44.25291061,0.169391409,-0.1660669,0.971456826,126.358429,207.1072845,44.25291061,102.4812927,187.0023041,35.89718246,0.738927066,0.622189939,0.258585185,102.4812927,187.0023041,35.89718246,100.037178,181.1425171,52.50699997,0.137449384,0.32953614,-0.934084356,100.037178,181.1425171,52.50699997,105.1924286,183.5604858,63.11339188,-0.428240299,-0.200857684,-0.881059885,1,0
18034,260971000000.0,1,5,0,0,Right hand,15,38.43883514,159.4124298,107.1861038,0.921016549,-11.33565614,-42.66295007,91.99382782,156.9031982,151.636673,271.9983215,62.21351242,293.4207153,0,0,0,0,1,0,0,0,0,0,0,0,0,0,0,0,0,150,46.88838959,18.66004944,151,50.37831879,17.82407951,152,60.76354218,17.50561523,153,58.68943787,16.65770149,154,46.11283493,14.79667282,59.26940155,157.1812897,158.7719269,59.26940155,157.1812897,158.7719269,0,0,0,59.26940155,157.1812897,158.7719269,18.99841309,149.0248108,139.5273743,0.887570322,0.179768339,0.424148858,18.99841309,149.0248108,139.5273743,0.984634101,136.9340515,117.7723312,0.586309552,0.393528074,0.708079636,0.984634101,136.9340515,117.7723312,-0.455926716,128.3412018,104.1570816,0.089119442,0.531591594,0.842299402,62.13171005,174.6607208,145.7511444,7.601408005,168.5847931,106.3376236,0.807179332,0.089938305,0.583414674,7.601408005,168.5847931,106.3376236,-14.8917942,163.7124176,76.91178131,0.602110684,0.130426496,0.78768754,-14.8917942,163.7124176,76.91178131,-27.90598679,160.8688965,61.25761032,0.633140087,0.138337225,0.761574984,-27.90598679,160.8688965,61.25761032,-34.7638092,160.3859253,52.48599243,0.615343988,0.043336414,0.787066519,68.17562103,172.7102814,134.4185333,22.07720566,164.7443848,90.64756012,0.719548762,0.124339439,0.68321979,22.07720566,164.7443848,90.64756012,4.296253681,125.1077118,91.35977173,0.409246027,0.912276864,-0.016392248,4.296253681,125.1077118,91.35977173,19.66703606,122.1523972,112.0298615,-0.592831731,0.113982759,-0.797219276,19.66703606,122.1523972,112.0298615,28.4084568,129.2150574,118.7844772,-0.666685164,-0.538650513,-0.515156746,74.58395386,167.2313843,127.0199814,39.62393188,157.8781128,82.31092072,0.607785583,0.162608132,0.777274191,39.62393188,157.8781128,82.31092072,22.10333252,121.5546341,85.21782684,0.433325678,0.8983652,-0.071894631,22.10333252,121.5546341,85.21782684,34.90420914,121.1598969,107.0842209,-0.505148351,0.015577125,-0.862891912,34.90420914,121.1598969,107.0842209,43.08278656,128.3254547,114.4476318,-0.622788966,-0.545648754,-0.56071502,82.61290741,157.9732208,122.7756348,56.67791367,149.6296539,77.02748108,0.487079054,0.156698585,0.859185398,56.67791367,149.6296539,77.02748108,38.38873672,123.043251,78.49848175,0.566172838,0.82302773,-0.045537349,38.38873672,123.043251,78.49848175,44.98942566,122.5470734,95.08399963,-0.369628668,0.027785204,-0.928764045,44.98942566,122.5470734,95.08399963,52.38090897,128.5265503,102.5746384,-0.610683203,-0.494023472,-0.618875444,1,0
18035,260971000000.0,1,5,0,0,Right hand,15,112.0707092,171.618927,25.80711555,11.26603517,-23.28683528,-12.44294166,139.6682129,155.1452484,87.36132813,302.5802307,13.87841797,209.7289276,0,0,0,0,1,0,0,0,0,0,0,0,0,0,0,0,0,150,46.55963898,18.66004944,151,50.51192093,17.82407951,152,60.9352417,17.50561523,153,58.72777939,16.65770149,154,46.09347916,14.79667282,104.2694702,163.1357574,79.94317627,104.2694702,163.1357574,79.94317627,0,0,0,104.2694702,163.1357574,79.94317627,80.2388382,157.6893921,42.01584625,0.531316221,0.120418899,0.838571608,80.2388382,157.6893921,42.01584625,74.56466675,145.7556458,14.50307178,0.185907215,0.390994459,0.901422083,74.56466675,145.7556458,14.50307178,79.01306915,135.9266052,2.636192322,-0.277364403,0.612855017,0.739917278,116.1102676,179.3317108,72.51597595,88.20114136,186.7496948,11.44264793,0.413122028,-0.10980396,0.904031754,88.20114136,186.7496948,11.44264793,75.6811676,186.4488068,-23.89535713,0.33394137,0.008025493,0.9425596,75.6811676,186.4488068,-23.89535713,67.40390778,182.8739624,-42.44036865,0.401406914,0.173362598,0.899343014,67.40390778,182.8739624,-42.44036865,62.64473343,179.8760529,-52.06251907,0.427002698,0.268978477,0.863318741,125.6456299,176.9152527,65.65073395,106.8194351,180.9932404,4.549487591,0.293857485,-0.063653179,0.953727424,106.8194351,180.9932404,4.549487591,83.8430481,144.5194244,-2.793217421,0.525434494,0.834099889,0.167916328,83.8430481,144.5194244,-2.793217421,85.84729767,136.3294678,21.71940422,-0.077317849,0.315943599,-0.945622325,85.84729767,136.3294678,21.71940422,91.24213409,140.3289185,33.02393723,-0.410289466,-0.304167241,-0.85973525,134.1582794,171.0300446,61.40838623,125.1032562,171.5162354,4.607355118,0.157423034,-0.008452505,0.987495065,125.1032562,171.5162354,4.607355118,101.9032059,138.5610657,-1.265955329,0.569631994,0.809149921,0.144207686,101.9032059,138.5610657,-1.265955329,100.2496796,132.7525787,23.2714901,0.065435082,0.229859546,-0.971021593,100.2496796,132.7525787,23.2714901,104.6953354,137.6580505,34.56861496,-0.339518845,-0.374635428,-0.862771869,141.541687,160.4432373,60.17092514,140.8663025,160.1194763,6.930230618,0.012684239,0.006080479,0.999901056,140.8663025,160.1194763,6.930230618,119.2884216,137.0687103,-0.047366012,0.667298079,0.712847173,0.215782851,119.2884216,137.0687103,-0.047366012,114.1488037,134.1537781,16.78162193,0.288157761,0.16342856,-0.943533838,114.1488037,134.1537781,16.78162193,116.8207474,138.4158783,27.77458954,-0.221018031,-0.352552712,-0.909317136,1,0
18036,260971000000.0,1,5,0,0,Right hand,15,80.08358002,218.2944336,98.83779907,21.48510648,-25.84631209,-30.52459046,123.1606598,193.1425934,147.1826782,290.0201721,22.86276627,215.2499542,0,0,0,0,1,0,0,0,0,0,0,0,0,0,0,0,0,150,46.69176102,18.66004944,151,49.98566437,17.82407951,152,60.73010635,17.50561523,153,58.50107956,16.65770149,154,45.96369934,14.79667282,88.02553558,202.0589905,150.5467072,88.02553558,202.0589905,150.5467072,0,0,0,88.02553558,202.0589905,150.5467072,52.00827026,204.3300934,123.1812515,0.795242131,-0.050144747,0.604214728,52.00827026,204.3300934,123.1812515,36.20002747,197.5883331,97.85691833,0.516522706,0.220282063,0.827453971,36.20002747,197.5883331,97.85691833,35.79710007,189.6593018,83.86592102,0.025047334,0.492895514,0.86972785,98.02542877,219.3647156,143.1626129,53.45178604,234.9851685,94.86054993,0.659796774,-0.231220141,0.714986324,53.45178604,234.9851685,94.86054993,32.75575256,241.3835144,64.66466522,0.556905448,-0.172171816,0.812535048,32.75575256,241.3835144,64.66466522,20.79651642,244.6125641,48.48354721,0.586858809,-0.158454612,0.794033289,20.79651642,244.6125641,48.48354721,13.21809387,244.5899048,40.47482681,0.687323153,0.00205508,0.726348937,105.1566315,218.1130219,133.1940308,69.13031769,230.5168915,81.68998718,0.562333584,-0.193611607,0.803924978,69.13031769,230.5168915,81.68998718,41.6264267,197.6440887,74.24150848,0.632220745,0.755633712,0.171215147,41.6264267,197.6440887,74.24150848,50.81456757,184.9438171,94.83423615,-0.355027318,0.490735143,-0.79569757,50.81456757,184.9438171,94.83423615,59.86656189,186.8326263,104.1109085,-0.691086888,-0.144203722,-0.708240211,111.7013474,212.7431335,125.8365402,86.1598587,221.0823364,74.97715759,0.444042891,-0.144978374,0.884198546,86.1598587,221.0823364,74.97715759,60.20630646,190.5427704,69.11320496,0.640752733,0.753974199,0.144771844,60.20630646,190.5427704,69.11320496,66.13369751,180.5314178,91.48045349,-0.235100135,0.3970837,-0.887159824,66.13369751,180.5314178,91.48045349,74.40638733,184.1964874,100.8655396,-0.634579659,-0.281139344,-0.719909132,118.1932602,202.6610565,120.9395523,101.6801453,209.7801971,70.82202148,0.310129017,-0.133702934,0.941245794,101.6801453,209.7801971,70.82202148,78.11418152,188.4730225,64.95526886,0.729428947,0.659513474,0.181591526,78.11418152,188.4730225,64.95526886,78.53201294,181.9421692,81.48377228,-0.023504181,0.367378682,-0.929774344,78.53201294,181.9421692,81.48377228,85.20966339,184.6192017,91.1293869,-0.554940343,-0.222472459,-0.801590443,1,0
18037,260971000000.0,1,5,0,0,Right hand,15,78.73579407,136.0908356,44.39664078,5.145193515,-11.81272693,-19.09392553,114.3878784,130.6600037,103.9567337,319.6159363,62.72563553,225.3521271,0,0,0,0,1,0,0,0,0,0,0,0,0,0,0,0,0,150,46.87318039,18.66004944,151,49.65102386,17.82407951,152,60.86504745,17.50561523,153,58.6749382,16.65770149,154,46.11570358,14.79667282,76.9682312,129.6684265,99.39933777,76.9682312,129.6684265,99.39933777,0,0,0,76.9682312,129.6684265,99.39933777,51.73047638,118.6357956,63.3494606,0.556289554,0.243180811,0.794609964,51.73047638,118.6357956,63.3494606,45.93944931,104.0318909,36.95567703,0.188537627,0.475457191,0.859298587,45.93944931,104.0318909,36.95567703,49.91808701,93.98350525,24.94438934,-0.246238172,0.621895313,0.743379474,85.02467346,147.3301239,90.44847107,51.15353775,145.2050171,32.03506088,0.501374066,0.031456679,0.864658594,51.15353775,145.2050171,32.03506088,36.3764534,140.360611,-1.52834034,0.399478108,0.130961835,0.907340229,36.3764534,140.360611,-1.52834034,28.29498672,137.7112427,-19.88388824,0.399478078,0.13096194,0.907340169,28.29498672,137.7112427,-19.88388824,23.35001183,135.5554504,-29.38471603,0.452609748,0.197318003,0.869603455,94.23760986,146.3769836,82.48136902,69.90546417,142.799118,23.3242569,0.379799694,0.055846792,0.923381507,69.90546417,142.799118,23.3242569,54.06484985,102.1776657,19.76314545,0.362104625,0.928576052,0.081404351,54.06484985,102.1776657,19.76314545,59.9410553,95.89173889,44.17431259,-0.227026477,0.242856011,-0.943122447,59.9410553,95.89173889,44.17431259,65.56664276,102.2480316,54.16374588,-0.429148585,-0.484890521,-0.762045085,103.4067459,142.1213379,77.68743134,89.70025635,137.2514343,22.03671074,0.23828958,0.084664077,0.967496872,89.70025635,137.2514343,22.03671074,71.97340393,100.6401443,20.64899635,0.435540825,0.89952302,0.034095522,71.97340393,100.6401443,20.64899635,74.8072052,96.24075317,45.35068893,-0.112230077,0.174233824,-0.978287697,74.8072052,96.24075317,45.35068893,79.88357544,102.6081619,55.57968521,-0.388261259,-0.487005085,-0.782354891,112.7901306,133.3036957,76.17094421,107.7207565,129.5378723,23.3007946,0.095206738,0.070725054,0.992941976,107.7207565,129.5378723,23.3007946,89.02817535,103.3371811,20.22133255,0.578141153,0.810358822,0.095244408,89.02817535,103.3371811,20.22133255,86.62975311,100.3430176,37.65270233,0.134376451,0.167754054,-0.976627648,86.62975311,100.3430176,37.65270233,89.95827484,105.2132797,48.21855545,-0.275060236,-0.402465582,-0.873134136,1,0
18038,260971000000.0,1,5,0,0,Right hand,15,104.613884,248.2823334,68.8045578,22.29081951,-27.69410027,-18.5494126,136.6852264,219.9926147,123.5214081,289.2896118,44.30900574,209.064621,0,0,0,0,1,0,0,0,0,0,0,0,0,0,0,0,0,150,46.56668091,18.66004944,151,50.21876526,17.82407951,152,60.62581635,17.50561523,153,58.47481918,16.65770149,154,45.9882164,14.79667282,101.8068695,230.6997528,121.0756912,101.8068695,230.6997528,121.0756912,0,0,0,101.8068695,230.6997528,121.0756912,72.18990326,233.9438477,87.04008484,0.654750645,-0.071718119,0.75243479,72.18990326,233.9438477,87.04008484,63.12421799,226.1433411,58.95211411,0.296961367,0.255518377,0.920067489,63.12421799,226.1433411,58.95211411,66.51767731,217.3671265,45.96379089,-0.211581871,0.54719615,0.809820712,113.7131577,247.5413055,115.5925369,80.20532227,266.5470581,60.09566498,0.495996356,-0.281330734,0.821486831,80.20532227,266.5470581,60.09566498,66.03435516,275.7537231,26.87428284,0.380199015,-0.247009605,0.891310811,66.03435516,275.7537231,26.87428284,54.89000702,276.4924622,9.690304756,0.543768227,-0.036045428,0.838461041,54.89000702,276.4924622,9.690304756,48.34965134,275.9429016,0.753741264,0.589866877,0.049564213,0.805978,122.5970459,246.1621399,107.2744827,97.90607452,261.5097351,50.18485641,0.385400593,-0.239560127,0.891110182,97.90607452,261.5097351,50.18485641,70.39369965,230.5573273,37.53553009,0.635373116,0.714817524,0.292124599,70.39369965,230.5573273,37.53553009,75.36808014,218.4595642,59.87392807,-0.192162126,0.467340976,-0.862940431,75.36808014,218.4595642,59.87392807,82.30587006,219.3105927,70.94016266,-0.530052304,-0.065019205,-0.845468521,130.0795288,240.4555969,101.1560211,115.3158417,251.1210785,46.59534073,0.256669074,-0.185421109,0.948546171,115.3158417,251.1210785,46.59534073,89.51260376,221.9107208,35.99227142,0.638827682,0.723179996,0.262507141,89.51260376,221.9107208,35.99227142,90.55026245,212.8657532,59.5230751,-0.04112687,0.358490914,-0.932626784,90.55026245,212.8657532,59.5230751,96.3584671,215.4595337,70.91592407,-0.445128798,-0.198781967,-0.873124361,136.9050446,230.1565552,97.31202698,130.77742,239.062973,45.17508698,0.115081482,-0.167269349,0.979171693,130.77742,239.062973,45.17508698,107.7075195,218.7698364,35.19664383,0.714132011,0.628176868,0.308884114,107.7075195,218.7698364,35.19664383,104.5195923,213.1401978,51.76888657,0.179194644,0.316444218,-0.931532323,104.5195923,213.1401978,51.76888657,108.6460266,215.29245,62.87899399,-0.342570513,-0.178676829,-0.922344804,1,0
18039,260971000000.0,1,5,0,0,Right hand,15,42.27906799,118.3790359,98.63048553,-7.875519832,2.123495379,-35.07384825,89.3157196,126.6064682,149.3447571,269.4091187,72.89654541,311.0608521,0,0,0,0,1,0,0,0,0,0,0,0,0,0,0,0,0,150,47.49568558,18.66004944,151,49.10975647,17.82407951,152,60.69509125,17.50561523,153,58.58974075,16.65770149,154,46.03469086,14.79667282,55.7196579,118.3994293,152.1648865,55.7196579,118.3994293,152.1648865,0,0,0,55.7196579,118.3994293,152.1648865,23.41565514,100.2427521,125.5716324,0.708241522,0.398071826,0.583037615,23.41565514,100.2427521,125.5716324,13.50668335,84.01012421,100.9813614,0.318755329,0.522176921,0.791028559,13.50668335,84.01012421,100.9813614,13.76694584,75.08422852,87.21459961,-0.015860731,0.543955564,0.838964164,56.72948456,136.8247375,141.0487213,10.29325008,119.8424301,95.01422882,0.687367678,0.251378894,0.681420922,10.29325008,119.8424301,95.01422882,-4.901305199,107.9200134,63.81246567,0.41406998,0.32490027,0.850285769,-4.901305199,107.9200134,63.81246567,-13.16797066,101.4335709,46.83700562,0.41406998,0.32490018,0.850285828,-13.16797066,101.4335709,46.83700562,-19.15221786,97.77552795,38.62760925,0.554223657,0.338785112,0.76030308,64.57025909,136.6927795,129.8168182,27.20940018,120.1949997,80.45684052,0.583164454,0.257513314,0.770458341,27.20940018,120.1949997,80.45684052,20.28905296,77.52778625,78.67726135,0.159965843,0.986265123,0.041135494,20.28905296,77.52778625,78.67726135,32.42935562,79.11231995,101.5601807,-0.467791647,-0.061055448,-0.881727457,32.42935562,79.11231995,101.5601807,38.07575989,87.17058563,110.2266312,-0.43062833,-0.614571214,-0.660954952,72.91875458,133.5880585,122.9619293,46.7215271,118.528656,74.01802063,0.455443054,0.261810154,0.850897789,46.7215271,118.528656,74.01802063,38.01834106,79.23208618,77.10642242,0.215600863,0.973479629,-0.076507859,38.01834106,79.23208618,77.10642242,48.47008514,81.52335358,100.0389099,-0.413016349,-0.090542868,-0.906211674,48.47008514,81.52335358,100.0389099,54.17760086,89.90995789,108.3278732,-0.435678393,-0.640184343,-0.63273102,83.60185242,127.1869507,119.2798386,65.94835663,115.3742371,70.4541626,0.331546187,0.221851811,0.916983604,65.94835663,115.3742371,70.4541626,53.15467453,85.77906036,72.48626709,0.39601478,0.916087091,-0.062901624,53.15467453,85.77906036,72.48626709,57.97278976,85.83022308,89.63832855,-0.270437449,-0.002871728,-0.962733269,57.97278976,85.83022308,89.63832855,63.37957382,92.63661194,98.00610352,-0.448113799,-0.564112961,-0.693520486,1,0
18040,260971000000.0,1,5,0,0,Right hand,15,115.5118408,247.2802887,72.33746338,23.15081547,-30.10630284,-13.60616558,143.325943,217.1992188,128.3411102,300.9964905,43.22921371,207.9960327,0,0,0,0,1,0,0,0,0,0,0,0,0,0,0,0,0,150,46.70196533,18.66004944,151,50.92738724,17.82407951,152,60.75297165,17.50561523,153,58.59085846,16.65770149,154,46.04013062,14.79667282,108.2379303,229.6453247,124.100914,108.2379303,229.6453247,124.100914,0,0,0,108.2379303,229.6453247,124.100914,81.40583038,233.4684448,87.8167038,0.592459798,-0.084415495,0.801164925,81.40583038,233.4684448,87.8167038,73.90532684,226.8690033,58.88387299,0.245041385,0.215603694,0.945235312,73.90532684,226.8690033,58.88387299,77.43227386,218.8991699,45.35531998,-0.219162583,0.495241135,0.840656936,121.4499512,245.805191,119.4455414,92.77362823,266.97995,62.0591774,0.424478382,-0.313437223,0.849455833,92.77362823,266.97995,62.0591774,80.4515686,275.2880554,27.42394066,0.326940835,-0.220438719,0.91897577,80.4515686,275.2880554,27.42394066,70.45322418,275.4955444,9.171145439,0.480392963,-0.009969277,0.876996696,70.45322418,275.4955444,9.171145439,64.19235229,273.9754028,-0.075745583,0.555531204,0.134883136,0.820482552,130.6847382,243.8583984,111.9169617,110.7010956,260.9100952,53.48484802,0.31192404,-0.266159385,0.912065029,110.7010956,260.9100952,53.48484802,83.31273651,230.4990692,38.88956451,0.630329907,0.699895144,0.335903436,83.31273651,230.4990692,38.88956451,85.58349609,218.3539124,61.66259003,-0.087643936,0.46876356,-0.878964782,85.58349609,218.3539124,61.66259003,91.27320862,218.6948547,73.47824097,-0.433712095,-0.025989158,-0.900676548,138.3197479,237.9154053,106.2413025,127.8063583,249.7335815,50.93862152,0.182776973,-0.205460891,0.961445987,127.8063583,249.7335815,50.93862152,101.7769089,221.236908,38.59193802,0.642353415,0.703239441,0.304690838,101.7769089,221.236908,38.59193802,100.2123184,212.2097015,62.12671661,0.061951265,0.357439786,-0.931879222,100.2123184,212.2097015,62.12671661,104.7703934,214.2098846,74.2168045,-0.348618716,-0.152981535,-0.924695432,144.7222443,227.2337799,102.7441788,142.5574493,236.8082275,50.41085815,0.040656507,-0.179815456,0.98285985,142.5574493,236.8082275,50.41085815,119.441658,217.3210297,38.99123001,0.715245008,0.602969706,0.353344262,119.441658,217.3210297,38.99123001,114.6453629,212.1877747,55.36069107,0.269253433,0.288169622,-0.918945491,114.6453629,212.1877747,55.36069107,117.5513687,214.0391541,66.92578125,-0.240813211,-0.153419033,-0.958369195,1,0
18041,260971000000.0,1,5,0,0,Right hand,15,24.71090508,144.6713104,129.7633209,-3.982758057,-5.078974403,-39.63514767,75.31601715,145.4360352,176.905426,235.1843719,19.93819046,318.9014587,0,0,0,0,1,0,0,0,0,0,0,0,0,0,0,0,0,150,47.69171524,18.66004944,151,52.40505219,17.82407951,152,60.80963898,17.50561523,153,58.69672394,16.65770149,154,46.13417435,14.79667282,42.11390686,144.0206757,182.0976105,42.11390686,144.0206757,182.0976105,0,0,0,42.11390686,144.0206757,182.0976105,5.460653305,130.7032013,158.3149567,0.802436173,0.29155457,0.52066493,5.460653305,130.7032013,158.3149567,-7.641011238,115.0230789,134.7381439,0.419936836,0.502582014,0.755688131,-7.641011238,115.0230789,134.7381439,-8.850001335,105.4590073,121.3563614,0.073305085,0.579901457,0.811381936,44.67052841,161.5779114,169.2134094,-6.751027107,149.934906,126.9740753,0.761162281,0.172344387,0.625243425,-6.751027107,149.934906,126.9740753,-29.05056381,142.1618195,96.5506134,0.579008162,0.20182842,0.789946079,-29.05056381,142.1618195,96.5506134,-41.68079376,137.7962189,79.73516846,0.588031352,0.203251258,0.782884359,-41.68079376,137.7962189,79.73516846,-48.60677719,136.1306305,70.49206543,0.593509078,0.142729461,0.79207027,51.17271042,160.7876434,159.1218719,8.552109718,148.3231812,112.9424438,0.665263593,0.194557399,0.720813215,8.552109718,148.3231812,112.9424438,-4.990545273,107.0009003,112.5768051,0.311422676,0.950234294,0.008408114,-4.990545273,107.0009003,112.5768051,9.487755775,104.1011734,133.8961639,-0.558286428,0.111814089,-0.822079062,9.487755775,104.1011734,133.8961639,17.29430389,111.5462112,141.3864288,-0.594423711,-0.566896796,-0.570340574,58.47121429,156.3220367,151.7716217,27.10757828,143.7872925,105.2120972,0.54526186,0.217918545,0.809444785,27.10757828,143.7872925,105.2120972,13.11882591,105.9438324,108.2494812,0.345739961,0.935322583,-0.075070672,13.11882591,105.9438324,108.2494812,25.27488899,105.1749725,130.4594116,-0.479895353,0.030352941,-0.876800478,25.27488899,105.1749725,130.4594116,32.75064468,112.6787262,138.2285004,-0.569108605,-0.571240008,-0.591439188,67.73944092,148.2119293,147.608017,45.26189804,137.7443848,100.4877167,0.422145516,0.196588531,0.884955406,45.26189804,137.7443848,100.4877167,29.49095535,109.6111679,102.3162384,0.488205045,0.870891392,-0.056603689,29.49095535,109.6111679,102.3162384,35.68063354,108.5377579,119.0430984,-0.34641856,0.060075685,-0.936154485,35.68063354,108.5377579,119.0430984,42.46128464,114.4816818,127.1335602,-0.559709966,-0.49064222,-0.6678285,1,0
18042,260971000000.0,1,5,0,0,Right hand,15,131.6842499,228.298645,60.65763855,16.33535382,-26.46617909,-4.649968936,151.1152039,203.855896,122.151123,299.8112183,24.50979614,206.9741364,0,0,0,0,1,0,0,0,0,0,0,0,0,0,0,0,0,150,46.73718643,18.66004944,151,51.49782944,17.82407951,152,61.00434494,17.50561523,153,58.75375366,16.65770149,154,46.11647415,14.79667282,116.2625885,215.8633423,112.5457993,116.2625885,215.8633423,112.5457993,0,0,0,116.2625885,215.8633423,112.5457993,96.46749115,214.5708008,71.80384827,0.436835974,0.028523661,0.8990888,96.46749115,214.5708008,71.80384827,93.03974915,205.8338776,42.64290619,0.111893281,0.285203218,0.951913416,93.03974915,205.8338776,42.64290619,97.42230225,197.5929871,29.52068901,-0.272154897,0.511756182,0.814884782,130.4151154,232.092514,107.7654419,110.8695145,246.2826538,44.67419052,0.28932178,-0.210048109,0.933901906,110.8695145,246.2826538,44.67419052,100.8324356,247.1549835,7.957814217,0.263623327,-0.022911692,0.964353621,100.8324356,247.1549835,7.957814217,92.92267609,242.423584,-10.98699284,0.375441402,0.224578664,0.899226427,92.92267609,242.423584,-10.98699284,88.15724945,238.4729004,-20.55186653,0.418270975,0.346759349,0.839527965,140.3945007,229.4263153,102.2106247,129.6385193,239.6401062,39.88562393,0.167889774,-0.159426734,0.972828984,129.6385193,239.6401062,39.88562393,105.0428772,206.172348,26.1319046,0.562165737,0.76494962,0.314359337,105.0428772,206.172348,26.1319046,103.2657318,196.1015625,49.98426437,0.068477772,0.388052076,-0.919089973,103.2657318,196.1015625,49.98426437,106.9587097,197.9062042,62.50316238,-0.280272067,-0.136960104,-0.950099707,148.99086,223.2917786,98.47702789,147.149704,228.8892975,41.25933456,0.032008793,-0.097313762,0.994738758,147.149704,228.8892975,41.25933456,123.0800705,198.3646393,29.18118668,0.591303408,0.749879897,0.296716183,123.0800705,198.3646393,29.18118668,117.8137894,190.9996948,52.79423523,0.208240896,0.291226894,-0.93371439,117.8137894,190.9996948,52.79423523,120.4089508,193.9988251,65.29135132,-0.197932407,-0.228743017,-0.953152359,155.7934418,212.322998,97.17623138,161.754776,216.2290192,44.40940857,-0.111958437,-0.073358074,0.991001427,161.754776,216.2290192,44.40940857,140.3922119,195.0253754,32.58945847,0.6606282,0.655713677,0.365526944,140.3922119,195.0253754,32.58945847,132.7212372,191.4532928,48.30398941,0.429795295,0.200139403,-0.880465865,132.7212372,191.4532928,48.30398941,133.4494629,194.4593048,60.00214005,-0.060183298,-0.248428077,-0.966778934,1,0
18043,260971000000.0,1,5,0,0,Right hand,15,18.53768921,189.5341492,145.2174835,2.11877956,-10.65552553,-42.43888913,73.34663391,185.4816895,187.7875519,278.3938599,73.23029327,270.4055176,0,0,0,0,1,0,0,0,0,0,0,0,0,0,0,0,0,150,47.00201035,18.66004944,151,53.12607574,17.82407951,152,60.98864365,17.50561523,153,58.77658081,16.65770149,154,46.14617538,14.79667282,39.22953033,186.2284088,196.4055634,39.22953033,186.2284088,196.4055634,0,0,0,39.22953033,186.2284088,196.4055634,-0.925716817,177.8258514,176.9516907,0.884403825,0.185063094,0.428464055,-0.925716817,177.8258514,176.9516907,-18.6052494,165.1416016,155.173172,0.574277282,0.412017494,0.707423031,-18.6052494,165.1416016,155.173172,-19.96922493,156.1679535,141.7351074,0.084111392,0.553372145,0.828676403,41.92340469,203.6059265,183.3653259,-12.36165619,198.1528015,143.5244904,0.803549111,0.080719329,0.589739919,-12.36165619,198.1528015,143.5244904,-37.66083145,192.8589783,114.3999252,0.649698615,0.135948688,0.747937024,-37.66083145,192.8589783,114.3999252,-52.50924301,188.4693909,99.04624939,0.680948496,0.201306581,0.704119921,-52.50924301,188.4693909,99.04624939,-60.90325165,185.1685638,91.35968781,0.708315849,0.278535336,0.648618996,47.81751251,202.3097382,173.410202,2.004574776,195.2032623,129.1937866,0.715092599,0.110924743,0.690172553,2.004574776,195.2032623,129.1937866,-14.63502884,154.8980103,130.7064819,0.38136974,0.923772275,-0.03467007,-14.63502884,154.8980103,130.7064819,1.730264783,150.5677643,150.4165344,-0.629872441,0.166663826,-0.758606553,1.730264783,150.5677643,150.4165344,10.94589329,157.1780548,157.1531982,-0.698622108,-0.501115561,-0.510695755,54.29186249,197.2429352,165.7371674,19.63672447,188.9082947,120.5913849,0.60248518,0.144899085,0.78486675,19.63672447,188.9082947,120.5913849,2.554352045,152.2483215,123.4011765,0.421349734,0.904246151,-0.069305651,2.554352045,152.2483215,123.4011765,16.16706848,149.6116486,144.6218872,-0.537009895,0.104014471,-0.837138712,16.16706848,149.6116486,144.6218872,24.81895828,156.2289276,152.0008545,-0.657614768,-0.502967596,-0.560862184,62.40553665,188.2329407,161.1306763,36.76739883,181.044632,115.0205154,0.481503874,0.135001943,0.865984142,36.76739883,181.044632,115.0205154,19.05947304,154.0678406,116.613739,0.548084259,0.834968209,-0.049312424,19.05947304,154.0678406,116.613739,26.12517548,152.2079315,132.9243011,-0.395344526,0.104066774,-0.912618637,26.12517548,152.2079315,132.9243011,33.76608658,157.6077728,140.6276245,-0.630462706,-0.445548773,-0.635612428,1,0
18044,260971000000.0,1,5,0,0,Right hand,15,127.0458298,222.2039642,50.69548035,13.81980109,-26.49935502,-6.682285344,148.4984131,200.60112,112.644783,296.321106,24.84062767,206.0641479,0,0,0,0,1,0,0,0,0,0,0,0,0,0,0,0,0,150,46.73718262,18.66004944,151,51.12395096,17.82407951,152,61.03982544,17.50561523,153,58.77938461,16.65770149,154,46.13039017,14.79667282,113.6250229,212.0683441,103.8271637,113.6250229,212.0683441,103.8271637,0,0,0,113.6250229,212.0683441,103.8271637,92.87194061,209.1834869,63.65359879,0.458031923,0.063670382,0.886652648,92.87194061,209.1834869,63.65359879,88.46488953,199.795929,34.83102417,0.143873155,0.306467414,0.940945446,88.46488953,199.795929,34.83102417,92.34836578,191.3869171,21.6552906,-0.24112469,0.522114754,0.818080068,127.574379,228.1480408,97.63491058,105.726944,239.4869995,34.72216034,0.323394448,-0.167843789,0.931259632,105.726944,239.4869995,34.72216034,93.37758636,238.7832336,-1.0707196,0.326099217,0.01858376,0.945152879,93.37758636,238.7832336,-1.0707196,84.45994568,232.7496338,-18.98336983,0.42669028,0.288695008,0.857082546,84.45994568,232.7496338,-18.98336983,79.30701447,228.2280273,-27.95295334,0.456438869,0.400517076,0.794512212,137.2184448,225.1524353,91.76300812,124.1931839,232.5625763,29.4745636,0.203310877,-0.115664653,0.972258329,124.1931839,232.5625763,29.4745636,99.10612488,198.3650208,18.75429153,0.573464215,0.781720698,0.24505432,99.10612488,198.3650208,18.75429153,98.66191864,189.4978333,43.15964127,0.017104534,0.341438502,-0.939748526,98.66191864,189.4978333,43.15964127,102.9025879,191.7580261,55.45009995,-0.321348488,-0.171272397,-0.931343615,145.6900787,218.8665009,88.01352692,141.7704468,221.9024353,30.7072773,0.068143427,-0.052780207,0.996278405,141.7704468,221.9024353,30.7072773,117.2871552,190.7371979,21.45804214,0.601598322,0.765785694,0.227270275,117.2871552,190.7371979,21.45804214,113.3966599,184.621109,45.70214462,0.153747022,0.241699412,-0.958093584,113.3966599,184.621109,45.70214462,116.5986328,188.1994171,57.91866684,-0.243935287,-0.272605538,-0.930688918,152.5836639,207.9676361,86.9739151,156.6265564,209.5207367,33.90438461,-0.075928628,-0.029168421,0.996686518,156.6265564,209.5207367,33.90438461,134.781601,187.7605133,24.17361069,0.675632417,0.67301178,0.300958574,134.781601,187.7605133,24.17361069,128.2444153,184.9560089,40.55162811,0.366104245,0.157061622,-0.917223752,128.2444153,184.9560089,40.55162811,129.6631165,188.4538727,52.0562439,-0.117170453,-0.288888395,-0.950165629,1,0
18045,260971000000.0,1,5,0,0,Right hand,15,59.13775635,229.569519,118.5102158,13.32828958,-17.63057968,-32.68045773,106.061058,213.7726288,167.0967865,298.5324097,70.43904877,229.3923187,0,0,0,0,1,0,0,0,0,0,0,0,0,0,0,0,0,150,46.90239334,18.66004944,151,51.40575027,17.82407951,152,60.80841064,17.50561523,153,58.56547165,16.65770149,154,45.9960022,14.79667282,69.71134949,217.8343964,170.8881989,69.71134949,217.8343964,170.8881989,0,0,0,69.71134949,217.8343964,170.8881989,34.06012344,214.1565857,143.0683899,0.785780728,0.081061803,0.613170207,34.06012344,214.1565857,143.0683899,19.13170242,204.7187042,117.9219894,0.485808551,0.307132512,0.818327427,19.13170242,204.7187042,117.9219894,19.3352623,196.4976501,103.995369,-0.012586112,0.508307993,0.861083269,77.0134201,236.2435303,162.0473022,30.2154808,242.1932678,113.6897812,0.692721784,-0.088070393,0.715807319,30.2154808,242.1932678,113.6897812,8.419836044,240.572464,82.64629364,0.574091613,0.042691551,0.817677379,8.419836044,240.572464,82.64629364,-4.801310539,237.6562042,66.56095886,0.628836453,0.13870585,0.76506561,-4.801310539,237.6562042,66.56095886,-12.2453804,235.2529602,58.27058411,0.653088927,0.210843265,0.727337599,84.24438477,235.0884399,152.4440155,46.33436584,238.8612366,100.9365921,0.591736257,-0.058889464,0.803977728,46.33436584,238.8612366,100.9365921,24.12709045,201.6622314,96.01416779,0.509314477,0.853143454,0.112893716,24.12709045,201.6622314,96.01416779,35.51754761,192.20755,117.2623138,-0.439849198,0.365098089,-0.820509672,35.51754761,192.20755,117.2623138,44.2931366,196.6898041,125.9108124,-0.669330716,-0.34186995,-0.659637272,91.43523407,230.2784576,145.299057,64.48786926,231.5632324,94.49771881,0.468484253,-0.022336015,0.88318944,64.48786926,231.5632324,94.49771881,43.26259232,197.2088623,91.21616364,0.52388072,0.847932041,0.080995098,43.26259232,197.2088623,91.21616364,51.61665726,190.4807434,114.0694199,-0.330914587,0.266508907,-0.905245006,51.61665726,190.4807434,114.0694199,59.48819351,196.1496582,122.8174133,-0.602612436,-0.43398878,-0.669710398,99.25888062,220.9416504,140.9063263,81.42819214,222.3483276,90.75434875,0.334873945,-0.026418474,0.941892445,81.42819214,222.3483276,90.75434875,61.18824005,197.5010834,86.62132263,0.626373887,0.768957555,0.127906412,61.18824005,197.5010834,86.62132263,63.29546356,192.8688354,103.6711349,-0.118429288,0.260339648,-0.958226323,63.29546356,192.8688354,103.6711349,69.7447052,197.3969116,112.7827225,-0.535364032,-0.375884354,-0.756370485,1,0
18046,260971000000.0,1,5,0,0,Right hand,15,117.9307938,172.8785706,52.13436127,8.653426308,-12.37492237,-13.78348498,147.5452881,161.4043427,113.7605591,329.7484436,40.89535904,231.0212402,0,0,0,0,1,0,0,0,0,0,0,0,0,0,0,0,0,150,46.89789963,18.66004944,151,51.06184769,17.82407951,152,61.1934166,17.50561523,153,58.80852509,16.65770149,154,46.17321014,14.79667282,111.1696014,163.0547638,106.5810013,111.1696014,163.0547638,106.5810013,0,0,0,111.1696014,163.0547638,106.5810013,92.20835114,152.5047455,66.7432251,0.417981356,0.23256436,0.878183007,92.20835114,152.5047455,66.7432251,90.96806335,139.5506134,38.91096497,0.040368304,0.421624988,0.905871332,90.96806335,139.5506134,38.91096497,98.06912994,130.6604156,27.41641808,-0.43905291,0.549673378,0.710698068,120.2418671,181.3392792,98.62375641,91.94564819,183.2718811,37.30910873,0.418851912,-0.028607145,0.90760386,91.94564819,183.2718811,37.30910873,77.04395294,178.7709808,2.845164061,0.394053519,0.119019717,0.911348522,77.04395294,178.7709808,2.845164061,68.57898712,175.7987518,-15.99416256,0.405672878,0.142440349,0.902851164,68.57898712,175.7987518,-15.99416256,64.01924133,174.2447815,-26.2016964,0.40397656,0.137676015,0.904349625,129.8012543,180.5886383,92.08486176,111.0546265,180.9532776,30.82435799,0.292615503,-0.005691643,0.956213295,111.0546265,180.9532776,30.82435799,95.38586426,140.3628693,24.65098953,0.356550336,0.923654556,0.140478015,95.38586426,140.3628693,24.65098953,99.6880722,133.9062958,49.46515274,-0.165476993,0.248340949,-0.954433918,99.6880722,133.9062958,49.46515274,104.4170685,139.0187836,60.70423126,-0.357664704,-0.38666904,-0.850036979,139.3423004,176.5094452,87.90117645,130.8324585,175.1950378,31.02902222,0.147944972,0.022851182,0.988731503,130.8324585,175.1950378,31.02902222,114.1189651,138.4526825,25.47502899,0.410193294,0.901754498,0.136309668,114.1189651,138.4526825,25.47502899,114.6797256,132.8917389,50.15852737,-0.022157116,0.219727442,-0.97530967,114.6797256,132.8917389,50.15852737,118.3853683,138.2141266,61.5721283,-0.282282054,-0.405439645,-0.869445562,148.697464,167.6404877,86.70084381,148.5397034,167.1156006,33.45770264,0.002962866,0.009857782,0.999947071,148.5397034,167.1156006,33.45770264,131.6431885,140.4579163,26.42511368,0.522538304,0.824410319,0.217488468,131.6431885,140.4579163,26.42511368,128.0543976,136.9720459,43.58840179,0.200742126,0.194985181,-0.96004343,128.0543976,136.9720459,43.58840179,130.0305481,141.2922058,54.74708557,-0.162942946,-0.356217593,-0.920086205,1,0
18047,260971000000.0,1,5,0,0,Right hand,15,79.0042038,258.1586304,113.1751022,22.22135478,-24.90442046,-29.0180761,121.2978134,232.7003021,162.0905304,300.4819641,73.25498962,224.8655853,0,0,0,0,1,0,0,0,0,0,0,0,0,0,0,0,0,150,46.71232224,18.66004944,151,50.57641983,17.82407951,152,60.72543716,17.50561523,153,58.48169708,16.65770149,154,45.95513535,14.79667282,85.4224472,240.5391693,164.6964722,85.4224472,240.5391693,164.6964722,0,0,0,85.4224472,240.5391693,164.6964722,51.22010422,242.3674011,135.0615692,0.755151033,-0.040365398,0.654306889,51.22010422,242.3674011,135.0615692,36.89635849,235.5815125,108.8695755,0.467876822,0.221657112,0.855546236,36.89635849,235.5815125,108.8695755,37.39942169,227.645813,94.87256622,-0.031250101,0.492962718,0.869489014,95.43828583,258.4467468,157.9485626,52.3583107,274.7569275,108.5320587,0.637686908,-0.241429776,0.731482744,52.3583107,274.7569275,108.5320587,31.0335331,279.8043823,78.13600159,0.569087148,-0.134699732,0.811169326,31.0335331,279.8043823,78.13600159,17.56105804,279.9062805,62.48435211,0.652366877,-0.004934134,0.757887304,17.56105804,279.9062805,62.48435211,9.8568573,278.9683533,54.42491531,0.688564479,0.083827436,0.720313787,102.7599182,257.278717,148.4151917,68.37980652,270.5762329,96.01670837,0.536638141,-0.207560524,0.817886353,68.37980652,270.5762329,96.01670837,41.82706833,237.025528,87.95520782,0.60985446,0.770581424,0.185153857,41.82706833,237.025528,87.95520782,50.81288528,224.2638702,108.5846405,-0.347365469,0.493328482,-0.797473729,50.81288528,224.2638702,108.5846405,59.63906479,226.2986603,118.0309906,-0.674412012,-0.155479148,-0.721799493,109.6602631,252.2439728,141.1504211,85.79395294,261.6037292,89.65885162,0.414919585,-0.162720844,0.895189106,85.79395294,261.6037292,89.65885162,60.76548386,230.4138031,83.36630249,0.618254185,0.770454705,0.155438781,60.76548386,230.4138031,83.36630249,66.55230713,220.6279907,105.8654404,-0.229559824,0.388197333,-0.892527342,66.55230713,220.6279907,105.8654404,74.5164032,224.4245148,115.4568634,-0.611113429,-0.291320801,-0.735984027,116.5578156,242.5081635,136.1985779,101.7051926,250.7510529,85.73486328,0.278943658,-0.154807791,0.94774729,101.7051926,250.7510529,85.73486328,78.94968414,228.7060852,79.42199707,0.704384744,0.682390332,0.195411429,78.94968414,228.7060852,79.42199707,79.12477112,222.4258423,96.04782104,-0.009851124,0.353352696,-0.935438275,79.12477112,222.4258423,96.04782104,85.29692841,225.1951904,105.9943771,-0.513102949,-0.230221078,-0.826875746,1,0
18048,260971000000.0,1,5,0,0,Right hand,15,82.61136627,142.106308,73.06252289,1.583521961,-2.099809136,-25.42720827,124.0675125,143.0998077,129.1148834,342.3406067,113.0044098,242.7880859,0,0,0,0,1,0,0,0,0,0,0,0,0,0,0,0,0,150,47.11499405,18.66004944,151,50.65597153,17.82407951,152,60.90684128,17.50561523,153,58.60533524,16.65770149,154,46.12840652,14.79667282,87.41379547,135.5693054,128.0644989,87.41379547,135.5693054,128.0644989,0,0,0,87.41379547,135.5693054,128.0644989,60.73680878,121.7450027,93.94750214,0.586804748,0.304088563,0.750460148,60.73680878,121.7450027,93.94750214,54.21521378,107.4218597,67.40329742,0.211335197,0.464147866,0.860176802,54.21521378,107.4218597,67.40329742,57.70135117,98.60845184,54.19618988,-0.214452565,0.542163968,0.812445939,91.3686676,154.2566376,118.2608871,52.60891724,146.208252,63.51783752,0.573737323,0.119135417,0.810328484,52.60891724,146.208252,63.51783752,35.75414658,140.9224243,30.41402435,0.449199349,0.140873492,0.882255375,35.75414658,140.9224243,30.41402435,26.08468246,135.8545837,12.84246635,0.46742329,0.244980156,0.849411666,26.08468246,135.8545837,12.84246635,20.87602806,131.9097748,3.735598564,0.464712828,0.351953328,0.812508941,99.89527893,155.0992737,109.6021271,70.65770721,147.2375031,53.14173889,0.456368327,0.122714125,0.881288409,70.65770721,147.2375031,53.14173889,60.58442307,105.0011063,49.13659286,0.231010348,0.968606114,0.091849908,60.58442307,105.0011063,49.13659286,70.47409058,101.5921173,72.88291168,-0.381129652,0.131376177,-0.915139556,70.47409058,101.5921173,72.88291168,76.14383698,108.3246078,82.66066742,-0.430966944,-0.511747897,-0.743223667,109.1087112,152.2722626,103.8384933,90.86173248,144.9546356,49.78216553,0.317226648,0.127218112,0.939777911,90.86173248,144.9546356,49.78216553,78.93270111,106.2883453,48.13215637,0.294556886,0.954765081,0.040742751,78.93270111,106.2883453,48.13215637,85.72380066,103.6213837,72.32712555,-0.268729925,0.105534077,-0.957416773,85.72380066,103.6213837,72.32712555,90.8377533,110.3401337,82.32344818,-0.390821755,-0.51346463,-0.763945341,119.8315887,145.4241943,101.1294556,110.1464157,140.6716156,48.98789215,0.181894988,0.089257076,0.979258597,110.1464157,140.6716156,48.98789215,95.55429077,111.9570999,46.41194153,0.451595664,0.888654053,0.079720274,95.55429077,111.9570999,46.41194153,96.42300415,109.3393097,64.0583725,-0.048638307,0.146567196,-0.988004267,96.42300415,109.3393097,64.0583725,100.1567459,114.2748032,74.4693985,-0.308279693,-0.407503366,-0.859595537,1,0
18049,260971000000.0,1,5,0,0,Right hand,15,92.99604797,270.6360779,103.6021042,28.00350613,-27.3416625,-23.41110715,129.1265564,238.6294708,153.7062683,297.4019165,70.57027435,223.7775116,0,0,0,0,1,0,0,0,0,0,0,0,0,0,0,0,0,150,46.62111282,18.66004944,151,50.27375793,17.82407951,152,60.63802338,17.50561523,153,58.44539642,16.65770149,154,45.96036148,14.79667282,93.65924072,247.9593506,153.871521,93.65924072,247.9593506,153.871521,0,0,0,93.65924072,247.9593506,153.871521,61.90511322,252.9065704,122.0163422,0.701750457,-0.109331109,0.703983665,61.90511322,252.9065704,122.0163422,50.31693268,248.4109344,94.1008606,0.379223406,0.147119761,0.913534641,50.31693268,248.4109344,94.1008606,52.85907364,241.5054932,79.82196808,-0.158256248,0.429885387,0.888905823,104.9329529,265.7520447,149.5326538,67.7516098,289.092041,98.18395233,0.550373077,-0.345487952,0.760083973,67.7516098,289.092041,98.18395233,49.64141464,297.2503052,66.60371399,0.485430747,-0.218676388,0.846485555,49.64141464,297.2503052,66.60371399,37.49868393,297.641449,50.07141495,0.591859698,-0.01906509,0.805815518,37.49868393,297.641449,50.07141495,30.54165459,296.6419067,41.4752121,0.626545727,0.090018153,0.77416867,113.0914307,265.045105,140.5787354,84.71279907,285.1894226,86.78953552,0.442961156,-0.314432025,0.839593887,84.71279907,285.1894226,86.78953552,57.93546677,254.087616,72.60899353,0.616682231,0.716274977,0.326578051,57.93546677,254.087616,72.60899353,64.14097595,239.7017365,93.18095398,-0.239978477,0.556328475,-0.795555651,64.14097595,239.7017365,93.18095398,71.64851379,240.0287018,103.8729477,-0.574470699,-0.025019122,-0.818142712,120.4517059,260.3834229,133.532608,102.2515869,275.9396667,81.23207855,0.316412032,-0.27044782,0.90925318,102.2515869,275.9396667,81.23207855,77.22640228,246.4243622,69.53103638,0.619024396,0.730092227,0.289437622,77.22640228,246.4243622,69.53103638,79.93913269,235.1625214,91.9171524,-0.107623786,0.446797758,-0.888137817,79.93913269,235.1625214,91.9171524,86.48592377,237.4275818,102.9486465,-0.502582014,-0.173883453,-0.846862316,127.4377823,250.9207001,128.3118591,118.0440292,264.7647705,77.76256561,0.176421911,-0.260002285,0.949354649,118.0440292,264.7647705,77.76256561,95.44945526,244.1113281,67.4464035,0.699451149,0.639360309,0.319353282,95.44945526,244.1113281,67.4464035,93.53568268,236.8095398,83.54057312,0.107657962,0.410757095,-0.905366421,93.53568268,236.8095398,83.54057312,98.2909317,238.2703247,94.4963913,-0.395206988,-0.121405296,-0.910534024,1,0
18050,260971000000.0,1,5,0,0,Right hand,15,41.08083725,143.3546295,107.9920959,-8.083892685,-8.091241968,-40.5387578,92.97104645,148.0649719,153.991684,272.9084778,59.7549057,299.91745,0,0,0,0,1,0,0,0,0,0,0,0,0,0,0,0,0,150,47.28571701,18.66004944,151,51.98876953,17.82407951,152,60.82154465,17.50561523,153,58.7287941,16.65770149,154,46.13264084,14.79667282,59.11624527,147.8032837,160.4927368,59.11624527,147.8032837,160.4927368,0,0,0,59.11624527,147.8032837,160.4927368,20.98450661,134.8366089,139.2900238,0.837763011,0.284880817,0.465828478,20.98450661,134.8366089,139.2900238,4.720407009,118.6473694,118.5146255,0.525406241,0.522987902,0.67114222,4.720407009,118.6473694,118.5146255,3.138095379,107.8617401,106.3552856,0.09689343,0.660461962,0.74458164,62.22405624,163.5193787,145.2400818,9.876216888,149.8361664,104.7880096,0.774873614,0.202544376,0.598787725,9.876216888,149.8361664,104.7880096,-12.21244621,142.1457367,74.44522095,0.576561153,0.200736597,0.79201138,-12.21244621,142.1457367,74.44522095,-24.99717712,137.3522034,58.11338043,0.600575447,0.225180998,0.767204463,-24.99717712,137.3522034,58.11338043,-32.35673141,133.7640076,49.97294235,0.637423992,0.310779959,0.705057681,68.63317108,161.3838959,135.0732422,24.99518204,145.9868774,90.76662445,0.68114388,0.240331545,0.691580534,24.99518204,145.9868774,90.76662445,8.745521545,106.0397034,96.02251434,0.374029875,0.919492245,-0.120978519,8.745521545,106.0397034,96.02251434,22.97253036,105.6536255,117.7245483,-0.548192978,0.014876296,-0.836219549,22.97253036,105.6536255,117.7245483,31.28951836,112.9867172,124.7875519,-0.632635117,-0.557794631,-0.53725028,75.61880493,155.7060852,128.287384,43.21556854,139.6168365,83.56878662,0.563335538,0.279714197,0.777440071,43.21556854,139.6168365,83.56878662,26.86559868,103.3453522,91.01419067,0.403933734,0.896104217,-0.183942229,26.86559868,103.3453522,91.01419067,38.68737793,104.7716293,113.3856506,-0.466469973,-0.056278791,-0.882744789,38.68737793,104.7716293,113.3856506,46.5088501,112.5399933,120.5500488,-0.59491092,-0.590871453,-0.544933081,84.40872192,146.6259613,125.1011276,60.97921753,132.0670166,79.55743408,0.440024048,0.273428142,0.855345428,60.97921753,132.0670166,79.55743408,43.17237091,105.5697327,84.51707458,0.551164031,0.820153654,-0.153512612,43.17237091,105.5697327,84.51707458,49.05651855,106.2547455,101.3718872,-0.329357564,-0.038342707,-0.943426371,49.05651855,106.2547455,101.3718872,56.16383743,112.7766953,108.6986313,-0.586738884,-0.53841424,-0.604853392,1,0
18051,260971000000.0,1,5,0,0,Right hand,15,128.5670929,266.2512207,70.08662415,22.24639596,-31.40543215,-12.14505662,154.7253418,236.5153656,127.0698624,304.1794128,58.55978394,213.4745483,0,0,0,0,1,0,0,0,0,0,0,0,0,0,0,0,0,150,46.71009064,18.66004944,151,51.00201416,17.82407951,152,60.80896378,17.50561523,153,58.61598206,16.65770149,154,46.07139206,14.79667282,120.1426392,249.8395691,122.4550705,120.1426392,249.8395691,122.4550705,0,0,0,120.1426392,249.8395691,122.4550705,95.14581299,252.8820953,84.81008911,0.551920235,-0.067177802,0.831186652,95.14581299,252.8820953,84.81008911,88.3946991,245.8675995,55.78665161,0.22053273,0.229136392,0.948083222,88.3946991,245.8675995,55.78665161,91.48770905,237.8892822,42.15198898,-0.192144185,0.495629609,0.847013533,134.0412903,265.5597534,117.1571274,106.6773376,286.3485413,58.99409485,0.405052096,-0.30772391,0.860952318,106.6773376,286.3485413,58.99409485,92.81556702,294.1617432,24.77917671,0.36735481,-0.207059935,0.906739533,92.81556702,294.1617432,24.77917671,82.04220581,293.5858154,6.93980217,0.516756833,0.027625047,0.855686426,82.04220581,293.5858154,6.93980217,75.43863678,291.5821228,-1.991828918,0.585060656,0.177522451,0.791321516,143.0927734,263.2097168,109.9047852,124.3152084,279.6160278,50.89076996,0.29309842,-0.256085575,0.921147883,124.3152084,279.6160278,50.89076996,95.66056824,250.384552,36.32057953,0.659493148,0.672769189,0.335336298,95.66056824,250.384552,36.32057953,97.43617249,238.4202728,59.26475143,-0.068458155,0.461281002,-0.884609103,97.43617249,238.4202728,59.26475143,102.832077,238.1463165,71.25043488,-0.410424024,0.020837702,-0.911656678,150.6533051,256.9832764,104.4427719,141.1568146,267.9607239,48.78399658,0.165098011,-0.190844685,0.967636764,141.1568146,267.9607239,48.78399658,114.4362869,240.3808746,35.95421982,0.659969807,0.681194127,0.316882402,114.4362869,240.3808746,35.95421982,112.217186,231.9066467,59.66586685,0.08778771,0.335240752,-0.938033581,112.217186,231.9066467,59.66586685,116.2180557,233.4285889,72.04062653,-0.3055453,-0.116230294,-0.945056915,156.8465424,246.1091156,101.2210846,155.5954742,254.6735077,48.68330002,0.023496017,-0.160845846,0.98669982,155.5954742,254.6735077,48.68330002,132.2256012,235.7722321,36.81180573,0.723161161,0.584884167,0.367353439,132.2256012,235.7722321,36.81180573,127.0180435,231.1752777,53.233284,0.29206413,0.257818639,-0.92099309,127.0180435,231.1752777,53.233284,129.3309631,232.8222809,64.97799683,-0.191418275,-0.136306733,-0.971997738,1,0
18052,260971000000.0,1,5,0,0,Right hand,15,36.01233292,155.9555511,119.5090408,-4.604902493,-8.749740514,-42.30588827,89.2907486,158.3255005,164.2880554,272.3860779,79.0120697,311.4476624,0,0,0,0,1,0,0,0,0,0,0,0,0,0,0,0,0,150,47.08695221,18.66004944,151,52.31378555,17.82407951,152,60.79598236,17.50561523,153,58.71435547,16.65770149,154,46.13779449,14.79667282,56.19778061,157.6501923,171.5146484,56.19778061,157.6501923,171.5146484,0,0,0,56.19778061,157.6501923,171.5146484,16.39429474,147.1858063,152.254837,0.875963807,0.230291978,0.423854798,16.39429474,147.1858063,152.254837,-1.620478272,132.6033478,131.9136658,0.584186375,0.472882688,0.659627318,-1.620478272,132.6033478,131.9136658,-3.508931637,122.3342209,119.4626541,0.116215505,0.631962538,0.766235828,58.70285034,173.9701996,156.72258,4.82263422,163.2131653,117.4147491,0.79755646,0.159229919,0.581850171,4.82263422,163.2131653,117.4147491,-18.45146751,157.5836945,87.27684784,0.604640901,0.146248758,0.782956421,-18.45146751,157.5836945,87.27684784,-31.92207527,153.7814484,71.04220581,0.628427029,0.177381322,0.757373989,-31.92207527,153.7814484,71.04220581,-39.58822632,150.8591614,62.79618835,0.65904969,0.251225471,0.708900094,64.76864624,172.1938171,146.453598,19.43350601,159.7291107,102.9360809,0.707634747,0.194561213,0.679263532,19.43350601,159.7291107,102.9360809,2.581013918,119.9001923,106.5877457,0.388293475,0.91768676,-0.08413697,2.581013918,119.9001923,106.5877457,17.93655396,117.9256668,127.4152908,-0.591702461,0.076085344,-0.802557826,17.93655396,117.9256668,127.4152908,26.74360085,124.8891754,134.2494202,-0.670052588,-0.52979362,-0.519950271,71.41616058,166.6542206,139.2310181,37.27976227,153.2930756,94.90525818,0.593466759,0.232285649,0.770610452,37.27976227,153.2930756,94.90525818,20.46057701,116.9734497,100.6730804,0.415920675,0.898145974,-0.142632142,20.46057701,116.9734497,100.6730804,33.26229095,117.0587234,122.5495834,-0.505057514,-0.003364248,-0.86307919,33.26229095,117.0587234,122.5495834,41.5067482,124.3600616,129.7323151,-0.627045989,-0.555315495,-0.546294689,79.91293335,157.5773468,135.3549042,54.7504425,145.6036224,89.98298645,0.472570956,0.224875763,0.852119565,54.7504425,145.6036224,89.98298645,36.72518921,119.0537491,93.67074585,0.558026612,0.821932197,-0.11416582,36.72518921,119.0537491,93.67074585,43.32234192,118.9101791,110.2779694,-0.369171262,0.008034056,-0.929326594,43.32234192,118.9101791,110.2779694,50.75709915,124.9677963,117.6837082,-0.613594055,-0.499938041,-0.611199141,1,0
18053,260971000000.0,1,5,0,0,Right hand,15,141.2037964,221.7064362,41.39176559,15.49768233,-26.2155692,-5.042446978,160.4783173,198.735733,103.7815628,300.5808411,26.3627739,213.9147797,0,0,0,0,1,0,0,0,0,0,0,0,0,0,0,0,0,150,46.75962067,18.66004944,151,51.52843475,17.82407951,152,61.2028923,17.50561523,153,58.89989853,16.65770149,154,46.15106201,14.79667282,126.1821899,209.9028778,93.61682129,126.1821899,209.9028778,93.61682129,0,0,0,126.1821899,209.9028778,93.61682129,107.7718048,206.2191315,52.36878967,0.406229913,0.081282817,0.910148501,107.7718048,206.2191315,52.36878967,104.6580505,196.5162964,23.46692657,0.101604968,0.316613376,0.943097174,104.6580505,196.5162964,23.46692657,109.2612762,187.8681641,10.67321873,-0.285667419,0.536686599,0.793953121,140.3483276,226.2082825,88.37065125,120.3657761,239.4053955,25.20079422,0.295789689,-0.195348933,0.935065448,120.3657761,239.4053955,25.20079422,107.9062729,238.0723724,-10.80546379,0.326812178,0.034965131,0.944442332,107.9062729,238.0723724,-10.80546379,99.19657898,232.3366547,-29.12341309,0.413202107,0.272111833,0.869033456,99.19657898,232.3366547,-29.12341309,94.1322937,227.9292603,-38.32168198,0.444714397,0.387030303,0.807735443,150.1169586,223.4409943,82.84324646,138.9450836,232.7093964,20.44369888,0.174381465,-0.144670218,0.973992646,138.9450836,232.7093964,20.44369888,114.8847809,197.7651978,8.910812378,0.54724884,0.794801831,0.2623142,114.8847809,197.7651978,8.910812378,113.5246277,188.1725311,33.03555298,0.052318521,0.368983537,-0.927962184,113.5246277,188.1725311,33.03555298,117.4249878,190.5996552,45.43424988,-0.294981629,-0.183561772,-0.937705159,158.7816467,217.4006958,79.16738892,156.5743256,222.1637421,21.88713455,0.038374636,-0.082806334,0.995826542,156.5743256,222.1637421,21.88713455,132.8669586,190.5247498,11.52823353,0.580065072,0.774133801,0.253458619,132.8669586,190.5247498,11.52823353,127.9091644,183.2151642,35.26229858,0.195772886,0.288640201,-0.937208474,127.9091644,183.2151642,35.26229858,130.6662598,186.5953369,47.65778732,-0.20981507,-0.257231295,-0.943297267,165.4436951,206.2880859,77.98741913,171.0724182,209.4561768,25.13466644,-0.105711736,-0.059499174,0.992615163,171.0724182,209.4561768,25.13466644,150.066452,187.342453,14.34339428,0.649273455,0.683513105,0.333547443,150.066452,187.342453,14.34339428,142.7361145,183.7441101,30.22961998,0.410385311,0.201451451,-0.889382482,142.7361145,183.7441101,30.22961998,143.7385712,187.1222229,41.81819534,-0.082762443,-0.278895706,-0.956748426,1,0
18054,260971000000.0,1,5,0,0,Right hand,15,71.0832901,246.3029633,117.9296494,18.44867072,-23.6039251,-29.28422467,114.2560806,224.244873,167.601944,295.2359619,66.65919495,229.9198151,0,0,0,0,1,0,0,0,0,0,0,0,0,0,0,0,0,150,46.77684784,18.66004944,151,50.87405396,17.82407951,152,60.74836349,17.50561523,153,58.50946808,16.65770149,154,45.96936417,14.79667282,78.1550293,231.8032532,170.3080597,78.1550293,231.8032532,170.3080597,0,0,0,78.1550293,231.8032532,170.3080597,43.21517563,232.0931549,141.4455414,0.770955026,-0.006396741,0.63685739,43.21517563,232.0931549,141.4455414,28.78212929,224.2963562,115.5504227,0.470839232,0.25434953,0.844758451,28.78212929,224.2963562,115.5504227,28.86282539,216.3194885,101.539238,-0.005005039,0.494751662,0.869019926,87.76204681,249.4924316,162.445816,43.99648666,262.0629883,112.5413666,0.647835195,-0.186074376,0.738705456,43.99648666,262.0629883,112.5413666,22.43287659,264.4188843,81.77290344,0.572796166,-0.062579885,0.817305565,22.43287659,264.4188843,81.77290344,9.266614914,263.401947,65.72162628,0.633441448,0.048925824,0.772242308,9.266614914,263.401947,65.72162628,1.801735878,261.8451538,57.429039,0.662622571,0.138189286,0.736094356,95.09764099,247.9148712,152.9951477,60.07216263,257.4880676,100.2126999,0.546711624,-0.149427742,0.823879659,60.07216263,257.4880676,100.2126999,34.09590912,223.0698395,94.29273987,0.596812189,0.7907691,0.136012852,34.09590912,223.0698395,94.29273987,43.62008667,211.8449554,115.5832062,-0.3679533,0.433657706,-0.822527409,43.62008667,211.8449554,115.5832062,52.48675537,214.5743103,124.8344879,-0.676759303,-0.208321348,-0.706115365,102.0421295,242.6087036,145.959671,77.6174469,248.5204926,94.21923065,0.424626976,-0.102777392,0.899515748,77.6174469,248.5204926,94.21923065,53.16138077,216.5886383,89.76073456,0.604338109,0.789073586,0.110174671,53.16138077,216.5886383,89.76073456,59.5142746,208.4281616,112.7711258,-0.251823366,0.323474437,-0.912112594,59.5142746,208.4281616,112.7711258,67.46389008,212.8598175,122.1208649,-0.609253466,-0.339639276,-0.716558039,109.1550446,232.7987976,141.4832306,93.77271271,237.8407745,90.75754547,0.288891971,-0.094692186,0.952667236,93.77271271,237.8407745,90.75754547,71.28514862,215.1725922,85.85886383,0.696127951,0.701719224,0.15164423,71.28514862,215.1725922,85.85886383,71.96125031,209.9091949,102.8299561,-0.038022958,0.296005666,-0.95442915,71.96125031,209.9091949,102.8299561,78.25878906,213.3184509,112.5038834,-0.523222327,-0.283253342,-0.803744912,1,0
18055,260971000000.0,1,5,0,0,Right hand,15,97.49635315,163.185791,56.23473358,7.556911994,-10.97752797,-15.7768612,129.2454376,153.906601,117.3129272,318.5878906,51.36603928,240.2167053,0,0,0,0,1,0,0,0,0,0,0,0,0,0,0,0,0,150,46.95318604,18.66004944,151,50.6362381,17.82407951,152,61.13790512,17.50561523,153,58.79569244,16.65770149,154,46.15460205,14.79667282,92.49821472,153.8473969,110.9184952,92.49821472,153.8473969,110.9184952,0,0,0,92.49821472,153.8473969,110.9184952,71.7434845,143.0232544,72.02827454,0.457240283,0.238462925,0.856776953,71.7434845,143.0232544,72.02827454,69.3970108,129.8242035,44.34355164,0.07628379,0.429100782,0.90002954,69.3970108,129.8242035,44.34355164,75.77736664,120.8847504,32.44383621,-0.394009799,0.5520432,0.734849989,101.037178,172.3551636,102.6838684,70.78193665,172.6887665,42.28183365,0.447850168,-0.004938123,0.894095004,70.78193665,172.6887665,42.28183365,55.82532501,167.4928284,8.221931458,0.398202837,0.138335973,0.90680635,55.82532501,167.4928284,8.221931458,47.59265137,164.6327972,-10.52589607,0.398202926,0.138335705,0.906806231,47.59265137,164.6327972,-10.52589607,43.14094162,162.9651642,-20.64656258,0.398130655,0.149141759,0.905123591,110.4335403,171.7274933,95.66886902,89.76374817,170.7486877,35.03702927,0.322634131,0.015278145,0.946400464,89.76374817,170.7486877,35.03702927,74.66326904,129.7591705,29.86799622,0.34329167,0.931848586,0.117511898,74.66326904,129.7591705,29.86799622,79.60584259,123.029007,54.45000076,-0.190380946,0.259236366,-0.946864009,79.60584259,123.029007,54.45000076,84.61413574,128.5728912,65.3112793,-0.379912496,-0.420540631,-0.823900521,119.958374,167.9096222,91.22967529,109.7001572,165.5854187,34.67921829,0.178340748,0.040406652,0.9831388,109.7001572,165.5854187,34.67921829,93.26252747,128.4771118,30.44574928,0.402822047,0.909379542,0.103745773,93.26252747,128.4771118,30.44574928,94.42910004,122.6759491,55.03030014,-0.046133935,0.229416057,-0.972234547,94.42910004,122.6759491,55.03030014,98.49827576,128.3792114,66.10643005,-0.310482979,-0.435165733,-0.84512192,129.4308929,159.1654053,89.8677597,127.6105118,157.9026337,36.66790771,0.034188151,0.023715818,0.999134004,127.6105118,157.9026337,36.66790771,110.5607529,131.0197296,30.95405769,0.527163744,0.83119607,0.176667288,110.5607529,131.0197296,30.95405769,107.1981125,127.2444305,48.09027481,0.188209727,0.211306572,-0.959128082,107.1981125,127.2444305,48.09027481,109.4611206,131.6712494,59.14025879,-0.186764106,-0.365341544,-0.911945641,1,0
18056,260971000000.0,1,5,0,0,Right hand,15,104.2295685,271.5558777,113.7353134,29.75631369,-30.85537652,-22.16403071,138.6990814,236.9269562,163.2387085,299.1717224,59.24937439,227.6567383,0,0,0,0,1,0,0,0,0,0,0,0,0,0,0,0,0,150,46.59671021,18.66004944,151,50.65034866,17.82407951,152,60.6321907,17.50561523,153,58.44353867,16.65770149,154,45.95598984,14.79667282,103.7467651,248.2307587,163.8211517,103.7467651,248.2307587,163.8211517,0,0,0,103.7467651,248.2307587,163.8211517,71.88954926,255.4799957,132.5319214,0.704218268,-0.160247684,0.691662669,71.88954926,255.4799957,132.5319214,59.85007095,252.1904449,104.6565247,0.394195437,0.107706159,0.91269356,59.85007095,252.1904449,104.6565247,61.92102814,245.5241547,90.19870758,-0.128992975,0.415220857,0.900528908,116.0643082,265.5496521,159.4287109,80.14859009,291.6039734,108.4862823,0.531638741,-0.3856664,0.754070044,80.14859009,291.6039734,108.4862823,61.22383499,299.9829102,77.18725586,0.504349649,-0.223300844,0.834127188,61.22383499,299.9829102,77.18725586,48.70901871,300.6393127,60.72977066,0.60499692,-0.031732112,0.795595229,48.70901871,300.6393127,60.72977066,41.53567886,299.8028259,52.16519928,0.640302181,0.074665964,0.764485419,124.0450821,264.3621826,150.5859528,96.7201004,286.7351074,97.13302612,0.426514775,-0.349218279,0.834345043,96.7201004,286.7351074,97.13302612,67.92476654,257.4395752,83.07347107,0.663221061,0.674741745,0.323823065,67.92476654,257.4395752,83.07347107,73.49343109,242.5592194,103.4731979,-0.215364009,0.575486839,-0.788944423,73.49343109,242.5592194,103.4731979,81.11005402,242.2929535,114.086853,-0.582912087,0.020377744,-0.812279642,131.1001587,259.3669739,143.4568634,113.670639,276.5442505,91.40170288,0.303014994,-0.298629701,0.904987335,113.670639,276.5442505,91.40170288,86.86798096,248.8245544,79.27801514,0.663109601,0.685797572,0.299945414,86.86798096,248.8245544,79.27801514,89.06807709,237.1204987,101.4946823,-0.087280273,0.464313,-0.881360054,89.06807709,237.1204987,101.4946823,95.75128174,238.7373352,112.5585556,-0.513048351,-0.124119401,-0.849338353,137.5076599,249.5836792,138.0967102,128.7742004,264.513916,87.73851776,0.16402106,-0.280401289,0.945765436,128.7742004,264.513916,87.73851776,104.9971771,245.4177551,77.08577728,0.736059844,0.591155469,0.329774439,104.9971771,245.4177551,77.08577728,102.7837524,238.0328674,93.10131073,0.124528043,0.415476352,-0.901039481,102.7837524,238.0328674,93.10131073,107.6207962,239.0043793,104.0730133,-0.402084291,-0.080757931,-0.912034154,1,0
18057,260971000000.0,1,5,0,0,Right hand,15,71.29204559,158.4526978,102.5720367,1.694611894,-9.278403138,-32.47492367,118.6243286,158.4049377,154.05896,331.911438,128.4356537,276.8633728,0,0,0,0,1,0,0,0,0,0,0,0,0,0,0,0,0,150,47.16941071,18.66004944,151,50.37163925,17.82407951,152,60.83076859,17.50561523,153,58.67185593,16.65770149,154,46.10093307,14.79667282,82.021492,154.5101318,156.6987915,82.021492,154.5101318,156.6987915,0,0,0,82.021492,154.5101318,156.6987915,47.96405029,143.4403076,128.6596527,0.748805821,0.243387297,0.616484106,47.96405029,143.4403076,128.6596527,34.92317581,129.8161926,104.1936493,0.422155023,0.441035509,0.792005658,34.92317581,129.8161926,104.1936493,35.1759758,120.5900879,90.78487396,-0.015529961,0.566776335,0.823725343,87.14263153,172.1512756,145.5590668,40.88855743,165.8929443,96.71962738,0.684671283,0.092638321,0.722940862,40.88855743,165.8929443,96.71962738,21.69195938,160.6650238,65.08043671,0.513623476,0.139878049,0.846537054,21.69195938,160.6650238,65.08043671,10.69583797,157.852066,47.94428253,0.534981728,0.136855617,0.833705723,10.69583797,157.852066,47.94428253,4.82700634,155.3215027,38.83218384,0.527297676,0.22736384,0.818695843,94.78094482,171.3411865,135.5871582,57.69378662,163.8980865,83.88067627,0.57889235,0.116179124,0.807084918,57.69378662,163.8980865,83.88067627,42.28606796,123.2165985,81.6389389,0.353718787,0.933934987,0.051464118,42.28606796,123.2165985,81.6389389,53.21916962,119.2146988,104.8010178,-0.421744198,0.154373214,-0.893476784,53.21916962,119.2146988,104.8010178,60.26532745,125.7197418,113.7659683,-0.536743224,-0.495523632,-0.68290782,102.726326,166.9312592,128.9905701,76.83157349,158.7209167,78.28910828,0.450184524,0.142738149,0.881453216,76.83157349,158.7209167,78.28910828,61.17553329,121.3324661,79.90679932,0.385937095,0.921662867,-0.039877709,61.17553329,121.3324661,79.90679932,69.79244995,119.5335083,103.6126785,-0.340758353,0.071140282,-0.937455535,69.79244995,119.5335083,103.6126785,76.37505341,126.5320358,112.5195465,-0.502441406,-0.53418839,-0.679849446,111.9216232,158.3822632,125.671875,95.01582336,151.6948853,75.62583923,0.31750387,0.125594079,0.939902902,95.01582336,151.6948853,75.62583923,77.60319519,124.4671402,76.0286026,0.538723707,0.842390418,-0.012460966,77.60319519,124.4671402,76.0286026,80.2239151,122.5414505,93.5739975,-0.146866336,0.107916526,-0.983251929,80.2239151,122.5414505,93.5739975,85.72454834,127.9010239,102.9187012,-0.454760164,-0.443098158,-0.772565365,1,0
18058,260971000000.0,1,5,0,0,Right hand,15,153.1049957,160.0080414,70.27116394,16.89222427,-21.50917095,-18.94471663,187.242569,141.6085358,128.4153595,375.256134,57.00955582,266.1265869,0,0,0,0,1,0,0,0,0,0,0,0,0,0,0,0,0,150,46.96619034,18.66004944,151,49.81235123,17.82407951,152,60.96028137,17.50561523,153,58.61151886,16.65770149,154,46.11546707,14.79667282,150.3905182,145.5752106,123.8933716,150.3905182,145.5752106,123.8933716,0,0,0,150.3905182,145.5752106,123.8933716,124.3316116,146.1295319,86.715065,0.573923409,-0.012208415,0.818817914,124.3316116,146.1295319,86.715065,116.3948898,138.4734039,57.98789978,0.257928163,0.248809397,0.933577478,116.3948898,138.4734039,57.98789978,119.121666,130.4587097,44.18167877,-0.168370068,0.494882822,0.852491856,161.4173279,163.2814636,117.2599258,127.3838272,175.4041748,60.1752739,0.503777444,-0.179445207,0.844989777,127.3838272,175.4041748,60.1752739,110.8477936,176.4325256,26.98975182,0.445817709,-0.027724726,0.894694209,110.8477936,176.4325256,26.98975182,100.4432983,171.5532379,10.24486637,0.512311637,0.240253463,0.824508965,100.4432983,171.5532379,10.24486637,94.81194305,168.6052094,1.319163322,0.513917625,0.269037157,0.814559877,170.1399689,161.6820831,109.0000534,145.2753296,170.9611511,50.68996429,0.388111353,-0.144836679,0.910160303,145.2753296,170.9611511,50.68996429,122.9789658,134.138855,43.66089249,0.511188567,0.844224572,0.161155492,122.9789658,134.138855,43.66089249,129.3969574,125.8982239,67.43484497,-0.247156918,0.317346781,-0.915535152,129.3969574,125.8982239,67.43484497,135.999649,129.1234741,78.38186646,-0.500786185,-0.24462156,-0.830285192,178.4644775,156.7404633,103.3653183,163.8867798,162.5218964,48.02408218,0.253435612,-0.100511141,0.962116301,163.8867798,162.5218964,48.02408218,140.8635101,129.8414001,41.58072662,0.568587959,0.807085097,0.159126595,140.8635101,129.8414001,41.58072662,143.3215027,122.4713135,65.62857819,-0.097262628,0.291633904,-0.95157212,143.3215027,122.4713135,65.62857819,148.9095612,125.8549805,76.97636414,-0.426771015,-0.258417308,-0.866652727,186.6071167,147.2021484,100.2396317,180.7435913,152.252533,47.55903244,0.110121496,-0.094850093,0.989382029,180.7435913,152.252533,47.55903244,158.6619263,129.7060852,40.62487793,0.6834023,0.697786808,0.214604154,158.6619263,129.7060852,40.62487793,156.2976074,125.1188049,57.7166481,0.132425889,0.256934345,-0.957312942,156.2976074,125.1188049,57.7166481,159.8898926,127.5416565,69.02052307,-0.296738923,-0.200138435,-0.933750927,1,0
18059,260971000000.0,1,5,0,0,Right hand,15,40.35733414,99.05819702,105.3767624,19.27925759,-16.55280143,-49.38120277,95.2408371,84.71511078,145.4274902,228.3740692,-5.946640491,333.9121399,0,0,0,0,1,0,0,0,0,0,0,0,0,0,0,0,0,150,46.46186447,18.66004944,151,52.2985878,17.82407951,152,60.43525696,17.50561523,153,58.10610199,16.65770149,154,45.87816238,14.79667282,66.38645935,84.13401794,153.9077759,66.38645935,84.13401794,153.9077759,0,0,0,66.38645935,84.13401794,153.9077759,23.51672935,82.70552063,139.7610168,0.949155211,0.031627577,0.313215643,23.51672935,82.70552063,139.7610168,2.788623095,76.19200897,118.4197617,0.680605948,0.213870719,0.700738668,2.788623095,76.19200897,118.4197617,2.338813066,70.2684021,103.5565033,0.02810172,0.370075226,0.928576767,69.30879974,104.7480927,141.8892517,10.87636948,111.7682877,108.719017,0.864940166,-0.103915729,0.490999043,10.87636948,111.7682877,108.719017,-17.43889618,92.03974915,91.53634644,0.734480083,0.511745811,0.445707619,-17.43889618,92.03974915,91.53634644,-22.19582176,71.16675568,90.48087311,0.221931741,0.973818004,0.049242526,-22.19582176,71.16675568,90.48087311,-17.9929657,61.07678604,94.3313446,-0.362668931,0.870674253,-0.332261294,73.65227509,103.2889862,131.2133331,22.92243195,108.5782776,92.44576263,0.791840494,-0.082560383,0.605121791,22.92243195,108.5782776,92.44576263,-0.506741822,73.33515167,82.94367218,0.540167809,0.812542558,0.219074011,-0.506741822,73.33515167,82.94367218,11.14578152,57.27334976,99.35559845,-0.452507585,0.62373507,-0.637331605,11.14578152,57.27334976,99.35559845,20.4655571,56.27342606,108.3596039,-0.71705395,0.076933101,-0.692758918,78.75527954,99.44709015,122.035881,38.7928009,102.5571671,80.78161621,0.694754124,-0.054069187,0.717212021,38.7928009,102.5571671,80.78161621,15.29587746,71.2676239,70.54441833,0.580934525,0.773598075,0.253102988,15.29587746,71.2676239,70.54441833,21.24074745,52.74197769,86.24676514,-0.237774879,0.740963817,-0.628041267,21.24074745,52.74197769,86.24676514,29.65220642,51.76206589,95.95230865,-0.653032005,0.076076426,-0.753499568,85.07022095,90.44704437,115.2127457,54.04541397,93.92848206,72.07953644,0.582669616,-0.065384068,0.810074687,54.04541397,93.92848206,72.07953644,32.74102783,70.63293457,65.3572998,0.660066545,0.721758008,0.208272755,32.74102783,70.63293457,65.3572998,33.29426575,58.23542404,78.02780151,-0.031193916,0.699024558,-0.714416981,33.29426575,58.23542404,78.02780151,39.53696442,56.58035278,88.14715576,-0.520022929,0.13786906,-0.842952132,1,0
